"net rent","living area","construction year","bathroom","kitchen","quality of location","central heating"
235.9,35,1939,0,0,1,0
852.1,104,1939,1,0,1,1
693.7,29,1971,0,0,2,1
551.7,39,1972,0,0,2,1
1574.1,97,1985,0,0,1,1
941.5,62,1962,0,0,1,1
631.2,31,1965,0,0,1,1
723.4,61,1957.5,1,0,2,1
728.7,72,1978,0,0,1,1
1017.3,75,1968,0,0,1,1
1256.2,65,1956,0,0,2,1
1365.9,91,1984,0,0,1,1
1523.2,100,1959,0,0,1,1
804,32,1994.5,0,0,1,1
644.1,64,1962,0,0,1,1
479.5,63,1929,0,0,1,0
1086.2,103,1955,1,0,1,1
828.7,73,1980,0,0,1,1
643.9,60,1957,0,0,1,1
570,58,1934,0,0,1,0
650.4,32,1972,0,0,1,1
628.4,81,1996,0,1,1,1
361.7,39,1935,0,0,1,1
920.5,108,1955,1,0,1,1
1336.8,87,1979,1,1,2,1
992.8,60,1939,0,0,2,1
1343.5,125,1979,0,0,1,1
400.4,67,1964,0,0,1,0
719.1,80,1972,0,0,1,1
1241,74,1957,0,0,1,1
463.9,42,1962,0,0,1,1
805.8,39,1996,0,0,1,1
1649.9,90,1983,0,1,2,1
732.6,80,1971,0,0,1,1
643.3,41,1960,0,0,1,1
592.4,59,1960,0,0,1,1
1804.3,107,1918,0,0,2,1
941.9,63,1929,0,0,1,0
2242.8,156,1918,0,0,2,0
1036.2,110,1918,0,0,2,1
1294.9,64,1918,0,0,3,1
609.6,75,1960,0,0,3,1
736.3,54,1934,0,0,2,1
1017,70,1970,0,1,1,1
920.1,71,1970,0,0,1,1
674.5,33,1967,0,0,3,1
223.2,35,1939,0,0,1,0
636.4,27,1972,0,0,2,1
761.5,48,1972,0,0,3,1
1058.3,54,1986,0,0,2,1
657.1,30,1972,0,0,1,1
947.8,86,1965,0,0,1,1
844.9,60,1957.5,0,0,2,1
1391.4,87,1981,0,0,1,1
1047.8,78,1991,0,0,1,1
774,78,1969,0,0,1,1
1031.1,96,1967,0,0,1,1
933.7,71,1965,0,0,2,1
920,59,1986,1,0,1,1
666.5,82,1982,0,0,1,1
727.4,87,1972,0,0,1,1
789.2,78,1929,0,0,1,1
1033.9,75,1967,1,1,1,1
650.9,70,1965,0,0,1,1
720.2,57,1972,0,0,1,1
1373,75,1984,0,0,1,1
431,64,1957.5,0,0,1,1
1375.5,58,1994.5,0,0,2,1
748.8,57,1918,0,0,2,1
1576.2,123,1918,0,0,2,1
832.7,60,1956,0,0,1,1
1754.4,91,1958,0,0,1,1
901.4,53,1956,0,0,1,1
1264.4,88,1960,0,0,1,1
466.6,56,1929,0,0,1,1
799.7,84,1956,0,0,2,1
1173,75,1994.5,1,0,1,1
755.2,77,1964,0,0,1,1
666.8,77,1961,0,0,1,1
922.7,54,1990,0,0,1,1
617.5,71,1965,0,0,1,1
932,85,1957.5,0,0,1,1
1181.9,58,1994,0,0,2,1
1101.8,84,1973,0,0,1,1
568.2,67,1972,0,0,1,1
1123.1,96,1924,0,0,1,1
709.5,54,1979,0,1,1,1
590.7,42,1971,0,0,1,1
909,72,1983,1,0,1,1
849.1,61,1983,0,0,1,1
413.9,46,1965,0,0,1,1
818.3,36,1985,0,0,3,1
1104.5,61,1983,0,0,1,1
732.4,46,1991,0,0,1,1
539.6,28,1965,0,0,1,1
2019.1,105,1991,1,0,2,1
1618.8,70,1987,0,0,3,1
661.9,49,1957.5,0,0,2,1
1460,88,1983,1,0,1,1
827.1,81,1962,0,0,1,1
1172.5,87,1972,0,0,1,1
889.6,55,1969,0,0,1,1
987.8,65,1939,0,0,2,0
981.9,82,1941,0,0,1,1
474.6,48,1929,0,0,1,1
483.1,39,1957.5,0,0,2,1
899.2,88,1957.5,0,0,2,1
659.4,57,1964,0,0,2,1
808.4,68,1918,0,0,2,1
687.5,59,1958,0,0,2,1
970.4,74,1964,0,0,1,1
816.3,70,1939,0,0,1,1
701.6,47,1964,0,0,1,1
555,50,1990,0,0,2,1
527.1,68,1955,0,0,1,1
661.2,87,1969,0,0,1,1
840.3,45,1973,0,0,2,1
571,51,1971,0,0,1,1
1259.9,80,1969,0,1,2,1
1138.8,77,1936,0,0,1,1
756.4,63,1951,0,0,1,1
466,70,1965,0,0,1,1
932.2,72,1972,0,0,1,1
1215.7,70,1971,0,0,1,1
616.9,55,1971,0,0,1,1
1301.3,82,1996,0,1,1,1
780.3,74,1972,0,0,1,1
976.9,83,1972,0,0,1,1
820.1,107,1972,0,0,2,1
1043.5,55,1959,0,0,1,1
778.6,65,1957,0,0,1,1
753.5,65,1974,0,0,1,1
1000.9,45,1991,0,0,1,1
1548.8,78,1986,0,0,1,1
621.1,29,1974,0,0,1,1
542.7,31,1963,0,0,1,1
750.6,84,1962,0,0,2,1
1216.6,82,1995,0,0,2,1
799.1,48,1983,0,0,1,1
995.3,53,1993,0,1,1,1
1014.8,66,1971,0,0,2,1
1172.3,62,1984,0,0,1,1
1175.6,68,1971,1,0,1,1
1164.6,63,1929,0,0,2,1
879.8,57,1995,0,0,2,1
1764.2,100,1994,0,0,1,1
1698.5,85,1995,1,0,1,1
1034.2,53,1971,0,0,1,1
1435.5,100,1972,0,0,1,1
1635,90,1991,0,1,1,1
997.4,57,1970,0,0,1,1
713.6,62,1962,0,0,1,1
970.1,98,1918,0,0,1,1
1049.7,54,1988,0,0,2,1
747,57,1996,0,0,1,1
676.2,72,1951,0,0,2,1
611,47,1957.5,0,0,1,1
1345.3,76,1964,0,0,2,1
814.8,108,1956,0,0,2,1
1093,85,1957.5,0,0,2,1
658.6,52,1957.5,0,0,2,1
1098.8,79,1918,0,0,2,0
1024.2,79,1957.5,0,0,2,1
405.8,30,1956,0,0,2,1
1008.2,60,1990,0,1,1,1
827.9,50,1979,0,0,1,1
1782.4,65,1984,0,0,2,1
1041.7,72,1958,0,0,2,1
956.8,66,1957.5,0,0,2,0
810.7,93,1955,1,0,1,1
1160.2,70,1964,0,0,1,1
747.3,66,1957.5,0,0,1,1
821.3,101,1959,0,0,1,1
1967.6,140,1957.5,0,0,3,1
1136.1,75,1968,0,0,2,1
1384.8,79,1962,0,0,1,1
1546.6,105,1980,1,0,1,1
1652.7,117,1980,1,0,1,1
747.3,54,1995,0,0,2,1
752.2,82,1929,0,0,2,1
641,55,1918,0,0,2,0
762.5,71,1957.5,0,0,2,0
1373,98,1957.5,0,0,2,1
1206.1,72,1918,0,0,2,1
673.4,62,1929,0,0,2,1
499.2,29,1971,0,0,2,1
1074.3,61,1969,0,0,1,1
425.2,94,1929,0,1,1,1
1272.5,74,1948,0,1,3,1
541.5,39,1968,0,0,1,1
940.8,63,1968,0,0,1,1
258.6,46,1954,0,0,1,0
1222.6,88,1971,0,0,2,1
926.1,44,1957.5,0,0,1,1
598.5,68,1929,0,0,2,1
938.1,83,1957.5,0,0,2,1
599.9,76,1918,0,0,2,0
2241.6,140,1929,1,0,2,1
995.3,100,1935,0,0,2,1
479.5,30,1959,0,0,2,1
936.9,100,1968,0,0,1,1
496,45,1936,0,0,1,1
762,73,1955,0,0,1,1
487,51,1954,0,0,1,1
706,79,1969,0,0,1,1
955.5,67,1973,1,0,2,1
150.3,39,1949,0,0,1,0
649.7,56,1969,0,0,2,1
745.4,58,1939,0,0,1,1
813.2,45,1996,0,0,2,1
990.5,52,1918,1,0,1,1
579.6,41,1994,0,0,1,1
1060.3,105,1973,0,0,1,1
931.3,73,1960,0,0,1,1
1251.9,73,1960,0,0,1,1
898,110,1954,1,0,1,1
1005,110,1960,0,0,1,1
1151.7,64,1961,0,0,1,1
816.1,60,1963,0,0,1,1
582.2,30,1972,0,0,1,1
289.6,60,1952,0,0,1,1
1061.1,101,1957,0,0,1,1
848.5,80,1929,0,0,1,1
943.3,110,1963,1,0,1,1
771.4,50,1973,0,0,1,1
837.6,82,1954,0,0,1,1
516,40,1970,0,0,1,1
795.7,75,1994.5,1,0,1,1
352.4,87,1966,0,0,1,1
735.1,55,1971,0,0,1,1
1019,70,1972,0,0,1,1
1252.1,80,1984,0,0,2,1
671.1,71,1957.5,0,0,1,1
920,69,1971,0,0,1,1
1033.9,84,1968,0,0,1,1
1235.7,76,1956,0,0,1,1
935,92,1955,1,0,1,1
962.2,67,1960,0,0,1,1
454.9,80,1958,0,0,1,1
281.9,50,1957,0,0,2,1
1221.8,70,1939,0,0,2,1
1210.3,65,1972,0,0,1,1
718.5,60,1972,0,0,1,1
903.9,67,1965,0,0,1,1
1156.9,69,1929,0,0,2,1
691.3,28,1959,0,0,2,1
824.7,86,1970,0,0,1,1
738.3,63,1962,0,0,1,1
1069.6,62,1994.5,1,0,2,1
1545.3,88,1982,1,0,1,1
1017.8,90,1994.5,0,0,2,1
1468.9,65,1956,0,0,1,1
1162.9,75,1972,0,0,1,1
799.4,76,1967,0,0,1,1
1220.8,66,1937,0,0,2,1
1183.6,49,1971,0,0,2,1
967.1,80,1918,0,0,3,0
725.4,82,1964,0,0,1,1
599.1,59,1940,0,0,1,1
678.9,62,1954,0,0,2,1
484.3,57,1936,0,0,1,1
551.1,29,1983,0,0,1,1
777.9,48,1967,0,0,1,1
885,50,1972,0,0,1,1
657,90,1950,0,0,1,0
465.7,23,1972,0,0,2,1
689.8,30,1973,0,0,1,1
723.9,76,1918,0,0,1,1
712,26,1957.5,0,0,1,1
493,50,1918,0,0,1,1
924.1,85,1973,0,0,2,1
490.6,38,1955,0,0,1,0
765.5,87,1936,0,0,2,1
1737.4,85,1939,0,1,1,1
393,32,1973,0,0,1,1
861.3,48,1962,0,0,1,1
557.1,39,1958,0,0,1,1
1054,80,1965,0,0,2,1
695.4,42,1957.5,0,0,2,1
569.9,82,1918,0,0,1,0
579.1,35,1960,0,0,1,1
1389.3,81,1955,0,0,3,1
1625,81,1918,0,0,2,1
535.4,53,1961,0,0,2,1
1366.6,85,1918,0,0,2,1
1220.9,77,1957.5,0,0,2,1
788.7,137,1939,1,0,1,1
1053.8,56,1918,0,0,2,1
854.4,80,1918,0,0,2,0
857.8,44,1957.5,0,0,2,1
337.6,65,1956,0,0,2,1
870.3,110,1924,0,0,1,0
1431.1,120,1918,0,0,2,1
641.2,32,1983,0,0,1,1
886,48,1983,0,0,1,1
1196.3,74,1939,0,0,2,0
1114.7,74,1973,0,0,1,1
1432.3,100,1981,1,0,2,1
762.6,61,1918,0,0,1,0
988.2,92,1939,0,0,1,1
793.7,60,1964,0,0,1,1
554.4,38,1959,0,0,2,1
1166,95,1957.5,0,0,1,1
574.3,54,1918,0,0,1,0
494.1,33,1957.5,0,0,2,1
695.8,82,1969,0,0,2,1
958.9,55,1984,0,0,1,1
724.7,40,1958,0,0,2,1
650.3,93,1929,0,0,1,0
1208.1,76,1918,0,0,1,1
818.5,63,1950,0,0,1,1
1158.2,85,1997,0,0,1,1
737.2,56,1963,0,0,1,1
662,58,1972,0,0,1,1
694.7,32,1972,0,0,1,1
745.4,30,1968,0,0,3,1
417.9,28,1970,0,0,3,1
1079.7,63,1991,0,0,1,1
1277.1,60,1918,0,0,2,1
736.2,84,1935,0,0,3,0
906.1,65,1957.5,0,0,1,1
980.8,105,1929,0,0,3,1
977.2,77,1939,0,0,1,1
1298.3,85,1996,0,1,1,1
750.6,70,1929,0,0,1,1
434.7,47,1929,0,0,1,1
1000.7,80,1972,0,0,2,1
1155.2,77,1962,0,0,1,1
1077.3,111,1954,1,0,1,1
740.6,58,1962,0,0,1,1
905.7,82,1954,0,0,1,1
945.7,73,1973,0,0,1,1
1002.3,70,1973,0,0,1,1
971.5,98,1959,0,0,1,1
591.6,65,1961,0,0,1,1
1661.1,105,1975,0,0,1,1
947.5,63,1982,0,0,1,1
994.5,76,1955,0,0,2,1
556.8,79,1939,0,0,1,1
672,109,1924,0,0,1,0
1149.1,64,1918,0,0,1,1
1551.4,78,1972,0,1,2,1
907.1,110,1957.5,0,0,3,0
751.2,61,1969,0,0,1,1
990.4,70,1991,1,0,1,1
585.3,80,1918,0,0,1,0
757.1,48,1972,0,0,1,1
730.9,83,1929,1,0,1,0
831.7,48,1972,0,0,1,1
978.8,69,1957.5,0,0,1,1
981.3,40,1964,0,0,1,1
1085.8,54,1984,0,0,1,1
1607.7,107,1969,0,0,2,1
1079.4,126,1957,0,0,1,1
1075.5,55,1957.5,0,0,2,1
1706.7,128,1929,1,0,1,1
694.7,89,1980,1,0,2,1
794.5,110,1918,0,0,2,1
546.6,28,1969,0,0,2,1
464.7,35,1918,0,0,1,1
1169.9,54,1918,0,0,2,1
459.6,53,1957.5,0,0,1,1
504.9,95,1918,0,0,1,1
1289.5,123,1929,0,0,1,1
990.2,56,1939,0,0,1,1
1905.5,92,1994.5,1,0,2,1
2603.2,132,1995,0,0,2,1
1119.4,58,1957.5,0,0,2,1
1812.2,95,1976,0,0,3,1
2279.5,100,1967,1,0,3,1
1428,80,1970,0,0,2,1
566,28,1992,0,0,2,1
846.3,80,1973,0,0,1,1
1346.2,65,1965,0,0,1,1
1038.6,46,1991,0,0,2,1
984.8,79,1991,0,0,1,1
829.8,56,1988,0,0,1,1
1023.1,75,1972,0,0,1,1
581.5,49,1957.5,0,0,2,1
800.5,75,1957.5,0,0,2,1
816.3,74,1929,0,1,2,1
667,31,1929,0,0,2,1
320.1,45,1918,0,0,1,1
713.6,75,1959,0,0,2,1
749.8,60,1957.5,0,0,2,1
518.4,49,1959,0,0,2,1
895.9,101,1918,0,0,2,0
960.1,80,1929,0,0,2,1
590.7,35,1929,0,0,2,1
725.4,138,1918,0,0,2,1
1317.5,84,1918,0,0,2,1
329.5,30,1970,0,0,1,1
910,58,1970,0,0,2,1
537.4,85,1964,0,0,2,1
881.4,50,1957.5,0,0,2,1
348.7,56,1956,0,0,1,0
735.1,62,1962,0,0,2,1
693.6,52,1969,0,0,1,1
659.1,64,1963,0,0,2,1
385.6,22,1958,0,0,1,1
973,86,1962,0,0,1,1
469.1,52,1960,0,0,2,0
1027.6,51,1971,0,0,1,1
328.1,60,1939,0,0,1,1
718.7,54,1959,0,0,1,1
673.5,47,1971,0,0,1,1
364.1,48,1918,0,0,1,0
1558.2,84,1970,0,0,1,1
729,50,1957.5,0,0,2,1
255.1,49,1953,0,0,1,1
795.5,55,1957.5,0,0,1,1
870.9,58,1971,0,0,2,1
1047.4,64,1972,0,0,1,1
1113.7,70,1940,0,0,2,1
693.7,63,1961,0,0,1,1
1361.8,85,1970,0,0,2,1
592.8,45,1972,0,0,2,1
426.5,50,1965,0,0,2,1
1224.9,60,1992,0,1,1,1
500.5,64,1929,0,0,1,1
809.1,74,1957.5,0,0,1,1
434,30,1956,0,0,1,1
1028.1,76,1971,0,0,1,1
774.9,50,1929,0,0,1,1
995,64,1972,0,0,1,1
377,55,1939,0,0,2,1
471.6,79,1918,0,0,2,0
1725.4,137,1918,1,0,1,1
1278.1,145,1929,1,0,2,1
988.9,56,1957.5,0,0,1,0
909.1,102,1918,0,0,2,0
625.5,34,1971,0,0,1,1
510.2,30,1918,0,0,1,1
843.4,64,1972,0,0,1,1
716.9,59,1973,0,0,2,1
1254.5,77,1957,0,0,2,1
933.4,55,1957.5,0,0,1,1
839.7,44,1984,0,0,2,1
397.1,49,1918,0,0,2,0
1053.6,48,1955,0,0,1,1
802.2,56,1969,0,0,1,1
2676.4,155,1918,0,0,2,1
809.3,118,1918,0,0,1,0
706.8,71,1956,0,0,2,1
1922.5,160,1918,0,0,2,1
681.6,36,1959,0,0,2,1
829.9,93,1918,0,0,1,0
1139.4,63,1991,0,0,1,1
1124.8,89,1960,0,0,2,1
535.7,67,1918,0,0,2,0
1386.9,59,1924,0,0,2,1
1300,63,1957.5,0,0,2,1
1217.3,77,1972,1,1,1,1
1469.7,88,1964,0,0,1,1
367.6,70,1957.5,0,0,1,1
663.2,57,1939,0,0,1,1
1693.3,49,1988,0,0,2,1
600,33,1939,0,0,1,1
926.6,88,1983,0,0,1,1
1215.1,78,1955,0,1,1,1
1019.9,76,1977,0,0,1,1
1153.2,102,1970,0,0,1,1
788.3,74,1970,0,0,1,1
857.5,64,1958,0,0,1,1
1194.9,55,1983,0,0,1,1
813.2,73,1969,0,0,1,1
1257.3,65,1967,0,0,1,1
1510.3,98,1966,0,0,1,1
814.5,55,1955,0,1,1,1
914.7,110,1955,1,0,1,1
2458,104,1918,0,0,1,1
725.2,81,1939,0,0,2,1
793.8,78,1936,0,0,2,1
694.7,35,1958,0,0,2,1
337.3,45,1939,0,0,2,1
946.4,55,1972,0,0,2,1
1237.2,75,1973,0,0,2,1
1033.2,42,1983,0,0,1,1
1286.9,75,1955,0,0,2,1
611,68,1965,0,0,1,1
416,22,1970,0,0,1,1
297.3,59,1952,0,0,1,0
1268.8,57,1972,0,0,2,1
834.7,69,1963,0,0,2,1
736.6,66,1963,0,0,2,1
814,95,1929,0,0,1,1
1777.5,108,1989,0,0,1,1
564.9,60,1950,0,0,1,0
601.9,31,1929,0,0,1,1
1719.9,130,1918,0,0,1,1
940.7,56,1957.5,0,0,2,1
769.2,44,1973,1,0,1,1
533.2,58,1930,1,0,1,1
496.2,42,1974,0,0,2,1
475.6,78,1918,0,0,2,0
360.4,50,1929,0,0,2,0
1308.2,74,1959,0,1,2,1
1339.3,104,1957,0,0,2,1
1200.9,58,1959,0,0,2,1
936.1,90,1957.5,0,1,2,1
1783.5,96,1929,0,0,2,1
1137.2,63,1939,0,0,2,1
628.7,58,1956,0,0,2,1
989.4,68,1918,0,0,2,1
1151.3,65,1957.5,0,0,2,1
1376.3,80,1929,0,0,2,1
888.2,55,1929,0,0,2,1
462.5,35,1975,0,1,1,1
742.3,88,1929,0,0,2,0
761.3,85,1958,0,0,2,1
673.5,42,1952,0,0,1,1
2113.4,96,1918,1,0,2,1
965.4,68,1972,0,0,1,1
2097.5,110,1939,1,0,1,1
850.3,71,1918,0,0,2,1
1235.7,108,1918,0,0,2,1
1028.4,92,1972,0,0,1,1
1145.4,57,1994.5,1,0,1,1
804.5,57,1958,0,0,1,1
1161.3,57,1972,0,0,2,1
1060.2,92,1963,0,0,1,1
817.4,75,1957.5,0,0,2,1
628.7,61,1957.5,0,0,2,1
1427.3,89,1973,0,0,2,1
893.6,85,1957.5,1,0,1,1
1677.2,95,1991,0,0,1,1
989.3,56,1983,0,1,1,1
888.8,44,1968,0,0,2,1
1089.1,79,1957.5,0,0,1,1
1317.2,76,1924,0,0,2,1
1711.2,155,1918,1,0,3,1
856.9,97,1960,0,0,2,1
2411.8,110,1990,0,0,1,1
623.9,78,1936,0,0,2,1
1199.9,73,1993,0,0,1,1
1512.1,78,1981,0,0,1,1
1324.7,94,1939,1,0,2,1
1347.9,72,1918,0,1,2,1
681.4,55,1956,0,0,2,1
1274.1,89,1976,0,0,1,1
1013.6,58,1980,0,0,2,1
944.7,55,1957.5,0,0,1,1
1171.9,70,1972,0,0,1,1
704.2,57,1963,0,0,1,1
1036.5,110,1965,1,0,1,1
1248.1,102,1959,0,0,1,1
453.1,55,1960,0,0,1,1
1157.3,71,1918,0,0,3,1
418.3,45,1957.5,0,0,1,1
986.1,87,1971,0,0,1,1
1109.5,76,1959,0,0,1,1
1513.5,152,1918,0,0,2,1
610.7,80,1957.5,0,0,2,1
654.4,54,1970,0,0,1,1
664.2,82,1969,1,0,2,1
1208.8,80,1918,0,0,2,1
1218.6,82,1962,0,0,1,1
928.5,87,1972,1,0,2,1
722.9,73,1962,0,0,2,1
1578.6,87,1930,0,1,1,1
1289.5,80,1962,0,0,1,1
883.9,82,1939,0,0,1,1
916.5,60,1966,0,0,2,1
958,77,1929,0,0,2,1
696.6,81,1929,0,0,1,0
328.8,68,1918,0,0,1,0
657.1,52,1956,0,0,1,0
761.2,65,1957,0,0,1,1
880.8,85,1972,1,0,1,1
717.9,96,1936,0,0,3,1
1276.8,69,1991,0,1,1,1
482,30,1957.5,0,0,2,1
670.2,87,1918,0,0,2,0
728.3,57,1962,0,0,1,1
1169.8,60,1972,0,0,2,1
546.1,40,1966,0,0,1,1
793.4,40,1967,0,0,1,1
699.6,38,1986,0,0,1,1
1071.8,78,1971,0,0,1,1
565.2,30,1956,0,0,1,1
787,79,1929,0,0,1,1
449.9,82,1918,0,0,2,1
1391.1,129,1918,0,0,2,1
1361.2,80,1958,0,0,2,1
671.8,35,1953,0,0,1,1
266.5,32,1972,0,0,1,1
805.7,62,1971,0,0,1,1
573.2,46,1959,0,0,1,1
594.4,75,1956,0,0,2,1
393.9,45,1929,0,0,2,0
1256,70,1918,0,0,1,1
516.7,29,1957,0,0,1,1
1162.1,52,1961,0,0,1,1
1401,69,1918,0,0,2,1
987.6,77,1960,0,0,1,1
915.2,60,1960,0,0,1,1
1659.8,85,1992,0,0,1,1
1197.2,76,1969,0,0,3,1
720.7,68,1960,0,0,1,1
1261.6,66,1981,0,0,1,1
563.2,45,1971,0,0,1,1
1085.7,108,1971,0,0,1,1
861.3,69,1971,0,0,1,1
1114.3,83,1973,0,0,1,1
1361.7,75,1918,0,0,1,1
1060.5,47,1992,0,0,2,1
893.2,64,1959,0,0,1,1
1044.7,52,1992,0,0,2,1
849.4,43,1972,0,0,1,1
618.7,81,1918,0,0,2,0
530.8,33,1983,0,0,1,1
1531.4,84,1988,0,0,2,1
280.5,71,1957.5,0,0,2,1
803.2,51,1984,0,0,1,1
658.6,36,1968,0,0,1,1
1596.3,120,1983,1,0,2,1
1021.4,54,1984,0,0,1,1
857,99,1957.5,1,0,1,1
1492.5,95,1980,1,0,1,1
1134.9,111,1954,1,0,1,1
889,52,1966,0,0,1,1
1108.5,102,1954,1,0,1,1
1038.9,54,1957.5,0,0,2,1
1006.2,58,1936,0,0,2,0
522.8,56,1918,0,0,1,1
519.2,65,1929,0,0,1,1
1237.2,74,1984,0,0,1,1
872.3,57,1986,0,0,1,1
852.7,80,1959,0,0,2,1
437.8,52,1957,0,0,1,1
397.3,45,1939,0,0,1,1
1310.2,58,1994,0,0,1,1
999.7,125,1918,0,0,2,0
654.3,73,1918,0,0,2,1
815.3,96,1957,0,0,1,1
964.1,73,1965,0,0,1,1
581.7,65,1918,0,0,1,1
1588.4,76,1983,0,1,1,1
1205.1,62,1983,0,1,1,1
1473.5,96,1929,0,0,1,0
817.4,75,1957.5,0,0,1,1
519.5,60,1957.5,0,0,2,1
335.7,67,1918,0,0,2,0
1338.5,75,1971,0,0,1,1
681.8,50,1957.5,0,0,1,1
458.1,36,1971,0,0,1,1
978.1,60,1918,0,0,2,1
1184,93,1961,0,0,2,1
791.5,93,1955,1,0,1,1
1600.4,120,1929,1,0,2,1
1749.3,89,1954,0,0,1,1
527.5,30,1959,0,0,1,1
269,36,1918,0,0,2,1
615.5,38,1960,0,0,1,1
1520.6,69,1991,1,0,2,1
1699.1,73,1972,0,0,3,1
354.8,84,1964,0,0,1,1
758.3,64,1972,0,0,1,1
1066.7,56,1956,0,0,2,0
833.9,60,1954,0,0,2,0
1572.9,81,1918,0,0,2,1
927.8,50,1972,0,0,2,1
867.8,59,1981,0,0,1,1
763.2,30,1974,0,0,2,1
462.4,36,1960,0,0,1,1
554.5,26,1972,0,0,1,1
1165.6,74,1929,0,0,1,1
776.6,76,1970,0,0,1,1
853,49,1918,0,0,1,1
746.6,56,1957.5,0,0,2,1
1620.2,85,1918,0,1,2,1
544.1,75,1957.5,0,0,1,1
788.4,56,1918,0,0,1,1
1433.7,96,1967,0,0,2,1
466.8,95,1918,0,0,1,0
507.6,78,1929,0,0,2,0
864.7,49,1971,0,0,1,1
519,38,1958,0,0,1,1
674.6,34,1984,0,0,2,1
807.6,29,1972,0,0,1,1
392.9,59,1957.5,0,0,1,1
1197.7,69,1965,0,0,1,1
1936.1,107,1972,1,1,1,1
443.5,65,1918,1,0,2,1
1349,115,1955,0,0,2,1
744.7,45,1918,0,0,2,1
1190.8,82,1984,0,0,2,1
1298,85,1985,0,0,2,1
854.5,90,1939,0,0,2,1
2282.1,110,1973,0,0,3,1
815.1,72,1970,0,0,1,1
1114.6,72,1972,0,0,1,1
1125.5,61,1937,0,0,2,0
1296.6,87,1972,0,0,2,1
779.8,82,1957.5,0,0,2,1
1146.7,54,1957.5,0,0,2,1
1139.9,97,1939,0,0,2,1
846.3,60,1957.5,0,1,2,1
928.6,59,1957,0,0,2,1
551.9,86,1918,0,0,2,1
896.5,55,1918,0,0,2,1
179.6,39,1939,0,0,1,0
991.6,64,1918,0,0,1,1
804.6,51,1957,0,0,2,1
737.3,80,1930,0,0,1,1
916.9,90,1918,0,0,2,0
741.8,60,1956,0,0,2,1
543.7,38,1929,0,0,2,1
623,65,1929,0,0,1,1
578.3,35,1967,0,0,1,1
1276.9,130,1929,1,0,1,0
1453.6,70,1991,0,1,2,1
668.3,55,1918,0,0,1,1
475.5,58,1961,0,0,2,1
1112.7,120,1939,0,0,1,1
850,51,1967,0,0,1,1
1361.6,78,1959,1,0,2,1
699.4,61,1957.5,0,0,1,1
688.7,56,1959,0,0,1,1
1550.2,95,1972,1,0,2,1
728.5,79,1924,0,0,3,0
1057.3,70,1957.5,0,0,2,1
1880.6,73,1991,1,1,2,1
1116.7,79,1957.5,1,0,2,1
1171.9,54,1984,0,0,2,1
1062.4,120,1929,0,0,1,1
737,33,1977,0,0,2,1
1586.9,70,1991,1,0,3,1
1418.3,130,1957.5,0,0,2,1
1384,85,1918,1,0,2,1
1840.8,86,1991,1,1,1,1
1251.3,67,1918,0,0,2,1
910.7,71,1939,0,0,2,1
802.7,80,1957.5,0,0,2,1
1208.1,58,1991,0,0,2,1
394.4,32,1929,0,0,2,1
989.2,56,1959,0,0,2,1
1069.6,71,1983,0,0,1,1
599.9,50,1959,0,0,2,1
998.4,70,1918,0,0,2,1
79,47,1918,0,0,2,1
1421.2,90,1918,1,0,2,1
458.6,40,1958,0,1,1,1
771.3,69,1918,0,0,1,1
879.9,77,1972,0,0,2,1
527.1,77,1918,0,0,1,1
528.3,31,1939,0,0,2,0
1473.5,86,1918,0,0,2,1
1002.9,60,1918,0,0,2,1
587.3,58,1957.5,0,0,1,0
613,39,1957,0,0,1,1
647.5,104,1918,0,0,1,0
1074.2,78,1918,0,0,1,1
1375.3,96,1918,0,0,1,1
1013.5,82,1918,0,0,1,1
757.3,64,1966,0,0,2,1
771.3,69,1973,1,0,2,1
477.3,48,1965,0,0,1,1
567.5,50,1924,0,0,1,1
977.7,59,1987,0,0,1,1
896.5,67,1984,0,0,1,1
914,89,1971,0,0,1,1
753,82,1960,0,0,1,1
804.3,55,1969,0,0,1,1
828.5,83,1970,0,0,1,1
479.8,59,1939,0,0,1,0
1332.9,101,1979,0,0,1,1
785.8,55,1969,0,0,1,1
942.6,77,1975,1,0,1,1
780.8,50,1959,0,0,1,1
397.9,57,1918,0,0,1,1
1056,62,1962,0,0,1,1
1454.8,89,1981,0,0,2,1
1717.2,87,1984,1,1,2,1
1178.3,60,1963,0,0,2,1
729.5,35,1970,0,0,1,1
262,36,1931,0,0,1,0
1239.3,65,1929,0,0,1,1
1487.9,77,1918,0,0,2,0
881,39,1985,0,0,2,1
1308.1,83,1985,0,0,1,1
1787.6,108,1918,0,0,1,1
419.7,31,1918,0,0,1,0
1091.7,100,1961,0,0,1,1
1412.8,80,1957.5,0,0,2,1
857.6,68,1956,0,0,1,1
963.7,75,1957.5,0,0,2,1
847.1,58,1953,0,0,2,1
699.6,55,1997,0,0,1,1
398.2,42,1939,0,1,1,1
864.2,84,1973,0,0,1,1
528.7,78,1957.5,0,0,2,0
1133.3,80,1957.5,0,0,2,1
573.4,58,1957.5,0,0,2,1
795.4,71,1959,0,0,1,1
1041.9,50,1969,0,1,1,1
720,58,1918,0,0,1,0
1258.9,59,1939,0,0,3,1
692.8,55,1918,0,0,1,1
1378.9,82,1959,0,0,1,1
672.3,52,1959,0,1,1,1
713.7,60,1957.5,0,0,2,1
545.7,62,1918,0,0,2,0
1233.3,86,1980,0,0,2,1
1287.3,70,1984,0,0,1,1
475.8,54,1966,0,1,2,0
346.4,53,1957.5,0,0,1,0
1831.6,133,1961,0,0,3,1
1069.6,75,1972,0,0,1,1
478.3,65,1954,0,0,2,1
360.3,51,1918,0,0,2,1
528.6,74,1939,0,0,1,1
732.3,86,1939,0,0,1,1
965.8,99,1962,0,0,1,1
868.9,100,1918,0,0,2,0
669.3,33,1972,0,0,1,1
964.9,83,1957.5,0,0,1,1
463.3,52,1924,0,0,1,1
884.5,108,1955,0,0,1,1
622.9,41,1982,0,0,2,1
1002.5,115,1918,0,0,2,1
1928.5,99,1991,1,0,1,1
885.2,65,1918,0,0,2,1
1388.4,87,1981,1,0,1,1
1164.8,66,1964,0,0,1,1
654.8,30,1959,0,0,2,1
1220.3,60,1987,0,1,2,0
551,52,1918,0,0,1,1
410.7,47,1957.5,0,0,1,1
1159.7,56,1984,1,1,2,1
1330.3,80,1980,1,0,2,1
971.4,70,1965,0,0,2,1
984.8,56,1984,0,0,1,1
2450.2,93,1939,0,0,2,1
451,54,1959,0,1,1,1
500.4,65,1957,0,0,1,1
756.1,70,1957.5,0,0,1,1
859.3,80,1972,0,0,1,1
1149.3,110,1929,0,0,1,1
1321.9,84,1957.5,1,0,2,1
397.7,47,1938,0,0,2,0
629.5,24,1983,0,0,2,1
358,57,1956,0,0,2,1
286.4,34,1924,0,0,1,1
763.3,85,1963,0,0,2,1
735.8,64,1957.5,0,0,2,1
935.3,85,1967,0,0,1,1
767.4,79,1956,0,0,1,1
520.4,47,1972,0,0,1,1
1243.1,97,1971,0,0,1,1
1136.7,61,1970,0,0,1,1
1159.1,60,1939,0,0,1,1
902.9,50,1967,0,0,2,1
866.6,93,1953,0,0,1,1
1669.3,80,1939,0,0,2,0
867.8,87,1972,0,0,1,1
1090,105,1929,0,0,1,1
548.7,54,1929,0,0,2,1
1672.8,90,1996,0,0,1,1
714.8,45,1929,0,0,1,1
542.3,56,1932,0,0,1,1
529,45,1939,0,0,1,1
904.2,66,1954,0,0,1,1
904.9,52,1918,0,0,1,1
804.2,69,1918,0,0,1,0
1993.7,62,1984,1,0,2,1
825.8,70,1918,0,0,2,1
744.8,54,1957.5,0,0,2,0
1027.5,56,1929,0,0,2,1
1865.9,100,1929,0,0,2,1
551,76,1963,0,0,1,1
977,51,1972,0,0,1,1
625.1,34,1952,0,0,1,1
965.9,50,1962,0,0,2,1
1179.3,61,1957.5,0,0,2,1
1472.2,88,1983,0,0,1,1
706.1,57,1924,0,0,1,1
514.3,74,1918,0,0,1,1
1368.7,90,1924,0,0,2,1
1253.3,110,1962,0,0,2,1
824,50,1986,0,0,2,1
958.7,79,1955,0,0,2,1
1591.2,85,1930,0,0,2,1
526.4,63,1929,0,0,2,1
682.9,85,1918,0,0,1,0
1763.9,87,1924,0,0,3,1
577.2,40,1973,0,0,1,1
696,24,1971,0,0,1,1
793.8,67,1957.5,0,0,2,1
455.3,72,1968,0,0,1,1
838.1,70,1918,0,0,2,0
532.3,80,1957.5,0,0,1,0
2407.7,132,1939,0,1,2,1
552.2,92,1918,0,0,1,1
834.6,102,1930,0,0,1,1
649.1,45,1929,1,0,1,1
676.4,86,1929,0,0,2,1
656.9,25,1965,0,0,1,1
907.1,73,1962,0,0,2,1
740.9,66,1959,1,0,1,1
1131.9,62,1963,0,0,1,1
633,29,1961,0,0,1,1
364.3,69,1939,0,0,2,1
487.7,62,1929,0,0,1,0
1217.1,93,1955,0,0,1,1
1130.5,74,1938,0,0,2,1
1076.3,53,1996,0,1,1,1
748.4,34,1991,0,0,1,1
428.3,60,1956,0,0,1,0
628.7,103,1929,0,0,1,0
993.7,60,1962,0,0,1,1
1168.1,56,1918,0,0,1,1
474.4,28,1918,0,0,2,1
1004.4,90,1918,0,0,2,1
478.5,30,1957.5,0,0,1,1
850.9,91,1918,0,0,1,0
646.7,80,1971,0,0,1,1
526.5,73,1954,0,0,2,1
1033.1,95,1971,0,0,1,1
1031.4,87,1971,0,0,1,1
500.9,60,1965,0,0,1,1
421.2,60,1918,0,0,2,0
309.2,52,1986,0,0,2,1
491.8,62,1918,0,0,1,0
743.6,75,1918,0,0,2,0
367.3,38,1918,0,0,1,0
584.4,60,1957.5,0,0,1,0
1112.9,91,1970,0,0,1,1
594.6,52,1968,0,0,1,1
1267.2,69,1972,0,0,1,1
512,34,1960,0,0,1,1
1624.6,74,1924,0,0,2,1
775.1,73,1967,0,0,1,1
543.5,52,1918,0,0,2,0
1043.6,65,1918,0,0,1,1
1646.4,91,1918,0,0,2,1
1157.8,67,1958,0,0,2,1
537.6,81,1918,0,0,2,0
804.8,29,1957.5,0,0,2,1
614.8,38,1965,0,0,1,1
999.2,47,1994.5,0,0,1,1
1282,77,1981,1,0,2,1
503.4,56,1918,0,0,2,0
1055.7,51,1982,0,0,1,1
1121.4,68,1983,0,0,1,1
784.2,83,1960,0,0,1,1
976.9,77,1964,0,0,1,1
2402.8,124,1997,0,0,2,1
662.8,70,1918,0,0,2,0
876.9,96,1941,0,0,1,1
646.4,37,1957.5,0,0,1,1
1258.8,72,1970,0,0,2,1
1322.3,125,1991,0,0,2,1
740.7,83,1929,0,0,1,1
1407.8,141,1929,0,0,1,1
1075,66,1972,0,0,1,1
1712.7,93,1972,1,0,1,1
435.8,29,1969,0,0,2,1
1088,64,1929,0,0,1,1
879.5,80,1962,0,0,1,1
764.5,43,1957.5,0,0,1,1
1404.9,106,1972,1,0,2,1
1160.5,86,1968,0,0,1,1
649.6,73,1968,0,0,1,1
745.2,45,1992,0,0,1,1
776.8,84,1939,0,0,1,1
935.1,88,1968,0,0,1,1
690.9,39,1974,0,0,1,1
553.5,40,1957.5,0,0,1,1
684.1,40,1968,0,0,1,1
921.6,97,1972,0,0,1,1
1414,87,1963,0,1,2,1
751.7,65,1965,0,0,2,1
897.6,65,1963,0,0,1,1
1132.5,62,1957.5,0,0,1,1
1147.6,69,1918,0,0,3,1
663.7,36,1969,0,0,1,1
748.9,61,1960,0,0,1,1
741.1,38,1994.5,0,0,1,1
775.6,44,1991,0,0,1,1
985.2,62,1985,0,0,1,1
659.2,80,1974,0,0,1,1
712.2,76,1918,0,0,1,0
994.4,74,1957.5,0,0,2,0
788.4,94,1918,0,0,2,0
921.5,70,1957.5,0,0,2,1
501,37,1957.5,0,0,2,1
304.2,81,1972,0,0,2,0
645.5,37,1972,0,0,2,1
1000.3,65,1956,0,0,2,1
1088.4,93,1918,0,0,2,1
572.3,30,1971,0,0,2,1
1548.6,68,1957.5,0,1,2,1
510.2,63,1918,0,0,2,0
810.6,38,1929,0,0,1,1
1002.1,67,1972,1,0,1,1
713.3,62,1957.5,0,0,2,1
727.7,78,1957.5,0,0,1,1
1005.3,104,1957.5,0,0,2,1
998.8,59,1986,0,0,1,1
1189.7,101,1971,0,0,1,1
1108.8,65,1972,0,1,1,1
949.8,102,1924,0,0,1,1
365.3,43,1957.5,0,0,2,1
581.4,45,1974,0,0,3,1
626,49,1965,0,0,1,1
506.4,56,1982,0,0,1,1
888.1,108,1955,1,0,1,1
597.2,40,1935,0,0,1,1
432.7,68,1957,0,0,1,1
1418,103,1982,1,1,1,1
769.8,73,1954,0,0,2,0
655,75,1957.5,0,0,2,1
1148,68,1957.5,0,0,2,1
1340,68,1995,0,0,2,1
451.1,60,1957.5,0,1,1,1
586.3,48,1965,0,0,1,1
925,52,1972,0,0,1,1
1844.4,98,1973,0,0,3,1
602.7,47,1972,0,0,1,1
624.5,76,1929,0,0,1,1
612.7,49,1972,0,0,1,1
996.9,54,1969,0,0,1,1
1046.4,60,1972,0,0,2,1
1166.5,68,1991,1,0,2,1
737.2,31,1972,0,0,1,1
447,47,1924,0,0,2,1
1319.3,81,1969,0,0,2,1
1086.3,68,1939,0,0,3,1
1003.2,46,1969,0,0,1,1
871.6,78,1957.5,0,0,2,0
892.1,87,1963,0,0,1,1
816.9,107,1929,0,0,2,1
1020.2,78,1961,0,0,1,1
1233,85,1965,0,0,2,1
673.2,76,1987,0,0,1,1
551,31,1983,0,0,1,1
1485.3,90,1957.5,0,0,2,1
649.1,55,1970,0,0,1,1
818,108,1939,0,0,2,1
1243.7,90,1918,0,0,1,1
712.5,58,1918,0,0,1,0
757.1,70,1929,0,0,2,0
502.6,39,1970,0,0,1,1
1201.8,63,1992,0,1,1,1
522.9,48,1918,0,0,1,1
653.4,70,1918,0,1,2,1
1057.2,61,1918,0,0,2,1
2845.5,154,1994,0,1,1,1
650.2,118,1918,0,0,1,1
742.5,74,1918,0,0,2,1
668.5,55,1934,0,0,2,1
698.9,55,1962,0,0,1,1
1242.6,81,1969,0,0,1,1
1480.2,78,1929,0,0,1,1
1542.3,92,1918,0,0,2,1
874.2,83,1972,0,0,1,1
528.7,79,1929,0,0,1,0
796.8,84,1962,0,0,2,1
774.4,100,1918,0,0,2,1
847.1,76,1954,0,0,2,1
543.7,45,1918,0,0,2,0
2304.1,105,1918,1,0,2,1
896.3,52,1918,0,1,1,1
999.5,38,1989,0,0,2,1
1021.9,60,1981,0,0,2,1
1149,115,1918,0,0,2,1
1379.5,114,1918,0,0,1,1
945.6,45,1983,0,0,2,1
680.1,79,1957,0,0,1,1
385.7,45,1958,0,0,1,1
326.1,75,1978,0,0,1,1
1034.4,79,1962,0,0,1,1
613.2,72,1972,0,0,1,1
367.4,28,1957.5,0,0,1,1
1058.4,83,1937,0,0,2,1
899,84,1939,1,0,1,1
908.5,35,1986,0,0,1,1
840.7,48,1960,0,0,1,1
1193.9,93,1941,0,0,1,1
1191.1,60,1972,0,0,1,1
555.8,64,1965,0,0,1,1
605.5,54,1975,0,0,1,1
1105.2,58,1972,0,0,1,1
619.1,63,1939,0,0,1,1
950.1,79,1956,0,0,1,1
540.2,48,1960,0,0,1,1
814.9,65,1967,0,0,1,1
1293.6,75,1918,0,0,2,1
713.2,38,1959,0,0,1,1
556.5,34,1918,0,0,2,0
356.3,40,1918,0,0,1,1
829.2,59,1918,0,1,1,1
876.5,65,1960,0,0,1,1
661.5,56,1967,0,0,1,1
1637.2,89,1983,0,0,2,1
704,109,1929,0,0,2,1
678.7,100,1939,0,0,1,1
1066.7,76,1929,1,0,1,1
523.9,32,1967,0,0,1,1
1596.9,98,1955,0,0,1,1
1064.4,104,1929,0,0,3,1
1280.9,110,1918,0,0,3,1
442.8,47,1924,0,0,1,1
1947,136,1918,0,0,2,1
894.1,66,1964,0,0,1,1
1036.2,72,1954,0,0,2,1
644.7,90,1918,0,0,2,0
662.5,43,1965,0,0,2,1
614.8,32,1957.5,0,0,2,1
660,35,1994.5,0,0,1,1
1137.3,70,1987,0,0,1,1
1140.4,94,1918,1,0,2,1
980.3,60,1929,0,0,1,1
969,70,1918,0,0,2,1
983,87,1918,0,0,2,1
554.6,79,1972,0,0,1,1
772.3,67,1985,0,0,2,1
695.4,36,1959,0,0,2,1
622.6,72,1953,0,0,2,0
979.2,68,1979,0,0,1,1
761.2,55,1929,0,0,1,1
670.8,58,1957.5,0,0,1,1
1559,75,1935,0,0,1,1
816.6,84,1918,0,0,2,0
795,56,1971,0,0,1,1
1271.1,73,1971,0,0,1,1
1110,58,1984,0,0,1,1
652.1,38,1972,0,1,1,1
464,72,1957.5,0,0,2,0
580.5,69,1957.5,0,0,2,1
802.4,92,1957.5,0,0,1,1
1128.6,78,1957.5,0,0,2,1
978.2,73,1957.5,0,0,2,1
999.8,87,1971,0,0,1,1
593,55,1936,0,0,1,1
607.9,74,1955,0,0,1,1
852.5,92,1972,0,0,1,1
754.9,43,1939,0,0,2,1
826.6,66,1918,0,0,1,1
978.8,106,1918,0,0,2,1
907.8,84,1962,0,0,1,1
1127.8,114,1929,0,0,1,1
681.2,79,1972,0,0,1,1
712.8,38,1988,0,0,1,1
393.9,42,1952,0,0,1,0
425.7,59,1918,0,0,1,0
630.2,93,1939,0,0,1,0
933.7,44,1939,0,0,1,1
612.4,104,1918,0,0,1,1
722.9,60,1957.5,0,0,1,1
888.8,55,1918,0,0,1,0
1114.8,73,1961,0,0,1,1
307.6,70,1931,0,0,1,0
498.4,33,1972,0,0,1,1
1013.6,70,1964,0,0,2,1
672.6,66,1965,0,0,2,1
662.7,57,1964,0,0,2,1
466.6,26,1962,0,0,1,1
624.2,35,1972,0,0,1,1
586.9,42,1957.5,0,0,1,1
731.7,55,1918,0,0,3,1
815.1,69,1965,0,0,1,1
876.9,88,1957,0,0,1,1
730.5,55,1971,0,0,1,1
775.4,65,1960,0,0,1,1
1180.5,78,1955,0,0,2,1
1597,80,1954,1,0,2,1
1067.8,108,1924,0,0,2,1
597.1,30,1972,0,0,2,1
332,43,1918,0,0,1,0
407.8,80,1929,0,0,1,0
612.3,68,1918,0,0,1,0
1130.3,90,1963,0,0,1,1
1576.2,92,1966,0,0,1,1
1219.3,98,1962,1,0,1,1
1008.3,53,1983,0,0,3,1
774.6,59,1968,0,0,2,1
714.3,40,1958,0,0,1,1
1057.5,65,1939,0,0,2,1
1152.9,50,1990,0,0,2,1
688.1,43,1983,0,0,1,1
696.7,35,1970,0,0,1,1
574,37,1968,0,0,1,1
951,78,1968,0,0,1,1
1002.4,117,1957.5,0,0,2,1
1245.3,110,1929,0,0,2,0
776.5,48,1957.5,0,0,2,1
2302,150,1918,1,0,2,1
568.6,88,1929,0,0,1,1
670.9,54,1956,0,0,1,1
576.4,53,1963,0,0,1,1
859.4,54,1967,0,0,2,1
1184.2,73,1939,0,0,2,1
1390.9,83,1935,0,0,2,1
710.4,38,1971,0,0,2,1
528.5,69,1955,0,0,2,1
628.1,43,1956,0,0,2,1
853.1,52,1929,0,0,1,1
1324.7,70,1984,0,0,2,1
785.6,93,1918,0,0,2,0
897.1,54,1957.5,0,0,2,1
691.4,88,1934,0,0,2,1
1593.6,83,1986,0,1,2,1
1372.6,72,1972,0,0,1,1
543.3,30,1973,0,0,1,1
1018.8,72,1972,1,0,2,1
1530.3,73,1972,0,0,2,1
1522,110,1983,0,0,2,1
575.5,33,1962,0,0,1,1
1069.2,58,1962,0,0,1,1
1165.1,80,1972,0,0,2,1
645.8,71,1972,0,0,1,1
415.8,76,1918,0,0,2,0
544.7,40,1962,0,0,1,1
541.1,30,1958,0,0,2,1
740.2,32,1972,0,0,1,1
709.9,49,1994,0,0,2,1
1039.9,84,1970,0,0,1,1
898,55,1962,0,0,1,1
643.1,23,1973,0,0,1,1
609.2,52,1968,0,0,1,1
1002.9,105,1918,0,0,1,1
1227.3,147,1918,0,0,1,0
1285.6,115,1929,0,0,2,1
1251.1,84,1986,0,0,1,1
926.4,56,1973,0,1,1,1
763,54,1962,0,0,2,1
368.7,78,1939,0,0,1,1
503.6,47,1959,0,0,1,1
685.3,70,1957.5,0,0,2,1
624.9,55,1962,0,0,1,1
569.7,53,1968,0,0,1,1
1571.4,97,1994.5,0,0,1,1
809.6,80,1963,0,0,1,1
672.7,60,1983,0,0,1,1
792.2,65,1963,0,0,2,1
874.5,61,1954,0,0,1,1
1675.1,75,1993,0,1,2,1
819.4,49,1983,0,0,2,1
1322.2,65,1993,0,1,1,1
867.7,80,1973,0,0,1,1
1225.8,52,1994,0,0,2,1
777.5,52,1957.5,0,0,2,1
674.8,43,1955,0,0,2,1
872.5,43,1971,0,0,2,1
902.4,75,1957.5,0,0,2,1
1776.9,160,1918,0,0,2,1
487.4,38,1962,0,0,1,1
795.5,37,1959,0,0,2,1
971.8,56,1918,0,0,2,1
572.4,64,1952,0,0,1,1
940.1,57,1986,0,0,1,1
1024.2,80,1918,0,0,1,1
460.3,60,1954,0,0,1,1
207.5,30,1918,0,0,2,0
1213.1,56,1973,0,0,2,1
1085.7,60,1983,0,0,1,1
867.5,70,1968,0,0,1,1
673.4,74,1968,0,0,1,1
915.4,43,1983,0,0,1,1
1062,95,1964,0,0,1,1
1300.8,54,1966,0,0,1,1
1034.7,79,1972,0,0,2,1
1043,108,1957.5,0,0,1,1
727.3,70,1929,0,0,1,1
585.5,32,1974,0,0,1,1
860.4,90,1961,0,0,1,1
392.4,50,1918,0,0,1,0
1687.5,100,1968,0,0,3,1
1548.5,100,1918,0,0,2,1
1461.6,98,1955,0,0,1,1
1105.8,94,1918,0,0,2,1
909.7,68,1973,0,0,1,1
1333.6,60,1994.5,0,0,1,1
1034.4,84,1973,0,0,1,1
808,70,1971,1,0,1,1
796.9,75,1968,0,0,1,1
506.8,29,1967,0,0,1,1
1016.1,115,1918,0,0,1,0
297.1,44,1924,0,0,1,0
1188.5,56,1979,0,0,1,1
812,75,1957.5,0,0,1,1
1451.5,82,1977,0,0,2,1
380.6,128,1918,0,0,2,0
981.1,80,1960,0,0,1,1
395.7,41,1955,0,0,1,1
535.1,60,1939,0,0,2,1
370.5,54,1929,0,0,1,1
446.6,31,1959,0,0,2,1
966.4,60,1918,0,0,1,1
1251,112,1918,1,0,2,1
911.6,69,1972,0,0,1,1
738.5,48,1953,0,0,1,1
933.7,136,1918,0,0,2,1
455.1,30,1959,0,0,2,1
734.3,80,1918,0,0,1,1
1000.3,65,1929,0,0,2,0
614,75,1957.5,0,0,2,0
1061.4,62,1989,0,0,1,1
881.9,51,1929,1,0,1,1
974.5,59,1918,0,1,1,1
399.1,68,1957.5,0,0,1,1
531.9,47,1932,0,0,1,1
1249.1,70,1961,0,0,1,1
554.4,33,1963,0,0,1,1
1019.2,69,1967,0,0,1,1
890.6,58,1939,0,0,2,1
885.4,56,1970,0,0,1,1
856.8,49,1918,0,0,1,1
1082.6,117,1957.5,0,0,2,1
752.5,93,1989,0,0,2,1
849.9,58,1939,0,0,2,1
1036.8,65,1982,0,1,2,1
991,67,1918,0,0,3,1
565.2,36,1970,0,0,2,1
829.3,51,1971,0,0,1,1
1099.2,72,1959,0,0,1,1
598,67,1962,0,0,2,1
887.5,38,1956,0,0,1,1
303.4,56,1930,0,0,2,0
592.6,55,1918,0,0,2,1
260.1,30,1918,0,0,2,1
1234.1,76,1918,0,0,1,1
1941.2,110,1929,0,0,2,1
546.6,70,1918,0,0,2,0
1161,97,1973,0,0,1,1
764.3,80,1929,0,0,1,1
848.3,60,1968,0,0,1,1
922.3,72,1965,0,0,1,1
2960,126,1996,1,0,2,1
896.2,65,1936,0,0,3,1
1019,75,1974,0,0,2,1
860.4,61,1967,0,0,1,1
542.9,48,1972,0,0,1,1
1201.3,50,1989,0,0,1,1
592.9,28,1974,0,0,1,1
784.6,55,1939,0,0,1,1
245.7,110,1918,0,0,2,0
1456.3,69,1997,0,0,1,1
912.4,83,1957.5,0,0,1,1
1018,87,1971,0,0,1,1
1371.1,120,1957.5,0,0,2,1
542.3,50,1963,0,0,1,1
538.5,46,1957.5,0,0,2,1
706,54,1957,0,0,1,1
595,40,1971,0,0,1,1
1164.7,86,1972,0,0,2,1
715.9,40,1964,0,0,1,1
488.1,55,1939,0,1,2,1
426,50,1957.5,0,0,2,1
984.2,72,1959,0,0,1,1
462.3,20,1967,0,0,1,1
107.1,32,1961,0,0,1,1
747.4,84,1972,0,0,2,1
2098.1,114,1931,1,1,2,1
1466.3,90,1971,0,0,1,1
1648.7,71,1994,0,0,2,1
1162,109,1918,0,0,2,1
596.6,60,1929,0,0,2,0
550.1,62,1918,0,0,1,1
555.4,49,1957.5,0,0,1,1
684,64,1957,0,0,1,1
1005.6,72,1965,1,0,1,1
999.6,74,1971,0,0,2,1
735.1,62,1994.5,0,0,1,1
746.9,44,1970,0,0,1,1
564.8,35,1966,0,0,2,1
864.4,73,1918,0,1,1,0
613.6,63,1939,0,0,2,1
849.7,68,1972,0,0,2,1
1161.1,75,1918,0,0,2,1
1097.1,60,1957.5,0,0,2,1
584,25,1957.5,1,0,2,1
2214.9,115,1968,1,0,3,1
500,54,1950,0,0,2,0
1075.1,66,1957.5,0,0,1,1
527.7,52,1960,0,0,2,1
963.5,50,1929,0,0,2,0
607.4,64,1957.5,0,0,2,0
1262.8,78,1984,0,0,2,1
632.6,30,1957.5,0,0,2,1
394.4,36,1972,0,0,1,1
1509.8,67,1993,0,1,1,1
1123,62,1984,0,0,1,1
911.8,50,1982,0,0,2,1
216.9,63,1938,0,0,1,0
938.6,79,1968,0,0,1,1
1004.9,60,1983,0,0,1,1
866.9,79,1918,0,0,2,1
1090.9,130,1957.5,1,0,1,1
337.7,43,1918,0,0,2,1
1144.9,87,1957.5,0,0,2,1
555.6,60,1918,0,0,1,0
693.4,87,1918,0,0,2,0
869.6,84,1968,0,0,1,1
779.5,63,1994.5,0,0,1,1
1309.7,140,1918,0,0,2,1
970.1,75,1957.5,0,0,2,1
337.6,73,1953,0,0,2,1
718.6,70,1957.5,0,0,2,1
1172.2,64,1960,0,0,2,1
870,44,1973,0,0,1,1
839.3,56,1918,0,0,2,0
863.7,150,1954,0,0,2,1
868.8,133,1918,1,0,2,1
1359.7,60,1918,0,0,2,1
965.8,65,1960,0,0,2,1
525.2,33,1994,0,0,1,1
813.8,84,1957,0,0,1,1
858.6,78,1929,0,0,1,1
727.6,98,1924,0,0,1,1
628.9,49,1972,0,0,1,1
1606.7,110,1979,0,0,1,1
1201.4,52,1983,0,0,2,1
1590.7,63,1991,0,0,1,1
1157.9,75,1957.5,0,0,1,1
294.6,70,1957.5,0,0,2,0
776.9,60,1957.5,0,0,2,1
1181.2,70,1929,0,0,1,1
712.4,70,1918,0,0,1,1
1347.9,80,1957.5,0,0,2,1
461.7,58,1959,0,0,2,1
901.3,84,1957.5,0,0,1,1
597.6,88,1957.5,0,0,2,0
1313.6,90,1918,0,0,1,1
883.3,84,1965,0,1,1,1
929.6,59,1984,0,0,1,1
702.6,53,1937,0,0,2,1
680.3,64,1960,0,0,1,1
726,58,1963,0,0,1,1
865.2,40,1957.5,0,0,1,1
1284.4,79,1972,1,0,1,1
743.3,60,1937,0,0,1,1
267.5,36,1938,0,0,1,0
976.8,55,1971,0,0,2,1
1139.6,58,1993,0,0,2,1
772.6,43,1983,0,0,1,1
1785.5,92,1989,0,0,1,1
809.2,57,1972,1,0,1,1
824.9,75,1967,0,0,1,1
988,50,1969,0,0,1,1
697.5,70,1965,0,0,1,1
732,73,1994.5,0,0,1,1
969.4,61,1961,0,0,3,1
1172.6,105,1918,0,0,2,1
750.4,65,1954,0,0,2,1
1061.9,76,1955,0,0,1,1
1854.4,87,1918,1,0,2,1
854.7,105,1957.5,0,0,2,0
1895.5,86,1995,1,0,2,1
421.3,52,1918,0,0,1,1
755.4,44,1995,0,0,2,1
608.5,33,1959,0,0,1,1
342.5,20,1956,0,0,1,1
954.9,50,1962,0,0,1,1
840.3,75,1968,0,0,2,1
742.2,55,1957.5,0,0,2,1
880.5,96,1969,0,0,2,1
267.2,61,1929,0,0,1,0
1022.7,84,1918,0,0,1,0
874.4,47,1984,0,0,1,1
912.4,61,1991,0,0,1,1
2372.6,110,1992,1,0,1,1
1127.8,106,1970,1,0,1,1
503.9,30,1971,0,0,1,1
476.7,57,1924,0,0,1,0
822.5,49,1950,0,0,1,1
642.9,34,1972,0,0,2,1
1268.6,80,1966,0,0,1,1
1257.4,60,1991,0,0,2,1
1550.3,78,1995,0,0,2,1
832.4,79,1972,0,0,1,1
1118,64,1977,0,0,2,1
1083.2,78,1973,0,0,2,1
404.5,32,1964,0,0,1,1
733.6,70,1968,0,0,1,1
734.4,58,1972,0,0,1,1
439.6,32,1965,0,0,1,1
926.2,53,1931,1,0,1,1
552.2,67,1939,0,0,2,1
1642.3,104,1984,0,0,2,1
797.3,55,1918,0,0,1,1
742.6,63,1956,0,0,2,1
941.1,35,1973,0,0,1,1
463.6,26,1973,0,0,2,1
856.7,70,1963,0,0,1,1
623.5,58,1994.5,0,0,1,1
570.5,62,1960,0,0,1,1
847.2,59,1972,0,0,1,1
978.7,53,1983,0,0,1,1
991.4,68,1961,0,0,1,1
966.3,71,1967,0,0,1,1
426.2,23,1970,0,0,1,1
1125.5,69,1975,0,0,1,1
435.5,47,1924,0,0,2,1
1032.4,58,1985,0,1,1,1
1070.9,139,1929,0,0,1,1
790.9,57,1957.5,0,1,1,1
349,69,1918,0,0,1,1
994.5,62,1974,0,0,2,1
666.6,34,1993,0,0,1,1
871.6,35,1979,0,0,1,1
456.8,27,1956,0,0,1,1
963.7,76,1965,0,0,1,1
533.7,58,1964,0,0,1,1
876.1,59,1984,0,0,1,1
899.9,77,1918,0,0,2,1
1010.7,60,1918,0,0,2,0
414.8,48,1918,0,0,2,1
289.1,56,1929,0,0,1,0
729,88,1918,0,0,2,0
900.9,50,1961,0,0,2,1
1034.3,98,1972,0,0,2,1
793.2,68,1957.5,0,0,2,0
656,52,1971,0,0,1,1
693.9,70,1962,0,0,1,1
1011.3,71,1962,0,0,1,1
588.2,57,1939,0,0,1,0
906.9,83,1929,0,0,2,1
726.7,40,1952,1,0,2,1
1076.1,73,1959,0,0,1,1
1183.2,113,1918,0,0,2,0
2264.6,160,1918,1,0,2,1
751,57,1957.5,0,0,2,0
450.6,71,1956,0,0,3,1
583.4,35,1939,0,0,2,1
1366.9,76,1989,0,0,1,1
621.3,40,1970,0,0,2,1
826.9,51,1973,0,0,2,1
1115.6,94,1973,0,0,1,1
686.7,56,1961,0,0,1,1
1352,123,1929,0,0,2,1
569.7,120,1918,0,0,2,0
889.9,83,1954,0,0,1,1
703.6,52,1961,0,0,2,1
660.4,64,1959,0,0,2,1
1089.7,56,1990,1,0,3,1
411.3,66,1918,0,0,2,0
598.2,30,1971,0,0,2,1
913.1,49,1964,0,0,1,1
506.7,97,1971,0,0,2,1
110.5,40,1918,0,0,2,0
876.8,71,1962,0,0,1,1
1042.7,58,1968,0,1,1,1
873.6,68,1959,0,0,1,1
473.9,45,1918,0,0,2,1
717,65,1966,0,0,2,1
700.7,44,1972,0,0,1,1
681.3,40,1972,0,0,1,1
1019.1,96,1991,0,0,2,1
756.9,53,1974,0,0,2,1
525.5,59,1942,0,0,1,1
1400,78,1929,0,0,2,1
744.8,35,1957.5,0,0,2,1
1284,67,1984,0,0,2,1
1127.3,66,1979,0,0,2,1
1119.7,71,1983,0,0,2,1
717.3,82,1941,0,0,1,1
558.3,34,1974,0,0,1,1
1564.6,89,1984,0,1,1,1
605.2,88,1957.5,1,0,1,1
685.7,47,1964,0,0,1,1
1474.2,72,1918,0,1,2,1
1016.8,70,1994.5,0,0,1,1
848.9,71,1967,0,0,1,1
677.7,72,1970,0,0,1,1
645.7,64,1963,0,0,1,1
423.1,63,1924,0,0,1,1
808.5,47,1986,0,0,1,1
642.7,42,1973,0,0,1,1
725.4,68,1972,0,0,1,1
768.9,35,1957.5,0,0,1,0
572.6,77,1918,0,0,2,0
737.9,59,1964,0,0,2,1
808.8,99,1918,0,0,2,1
1134.6,64,1971,0,0,2,1
716.7,59,1957.5,0,0,2,1
549.2,26,1953,0,0,2,1
992.8,79,1957.5,0,0,2,1
527.3,39,1957.5,0,0,2,1
1265.9,62,1957.5,0,0,2,1
963,59,1956,0,0,1,1
1188.3,62,1983,0,0,2,1
607.8,59,1955,0,0,1,0
1200.4,68,1960,0,0,1,1
528.3,79,1971,0,0,1,1
1145.8,74,1971,0,0,1,1
1221,82,1963,0,0,1,1
810.9,83,1918,0,0,1,1
1688,103,1918,1,0,2,1
1172.3,69,1970,1,0,1,1
1577.1,80,1982,0,0,2,1
599.6,38,1983,0,0,1,1
476,28,1960,0,0,2,1
1464,70,1918,0,1,2,1
1678.4,100,1918,0,0,1,1
579.9,79,1957.5,0,0,1,1
484.7,72,1974,0,0,1,1
624.9,64,1964,0,0,1,1
988.3,72,1957.5,0,0,1,1
769.7,37,1971,0,0,1,1
534.2,28,1969,0,0,1,1
989.9,131,1918,0,0,2,0
288.1,40,1918,0,0,2,0
1195.2,70,1995,0,0,1,1
597.3,39,1957.5,0,0,2,1
777,35,1971,0,0,1,1
347.9,36,1957.5,0,0,2,0
1123.6,79,1994.5,0,0,1,1
1275.5,70,1957.5,0,0,2,1
1676.2,104,1961,0,0,1,1
706.3,68,1957.5,0,0,2,1
538.9,39,1962,0,0,2,1
578,46,1970,0,0,1,1
911.1,69,1965,0,0,1,1
820.5,84,1973,1,0,1,1
726.6,50,1960,0,0,2,1
676.6,32,1972,0,0,2,1
575.6,27,1957.5,0,0,1,1
1384.2,110,1929,0,0,3,1
1025.5,43,1975,1,0,2,1
535.9,64,1918,0,0,2,1
1056.8,71,1968,0,0,1,1
708.6,39,1918,0,0,2,1
1018.4,48,1983,0,0,1,1
1208.6,75,1957.5,0,0,2,1
722.5,32,1965,0,0,3,1
1067.2,69,1955,0,0,1,1
2068.1,120,1918,1,0,2,1
741.3,63,1957.5,0,0,1,1
672.9,90,1918,0,0,2,0
903.4,62,1957.5,0,0,2,1
1018,52,1939,0,0,1,1
682.4,33,1972,0,0,2,1
1262.8,87,1957.5,0,0,2,1
606.6,24,1960,0,0,2,1
965.8,52,1960,0,0,2,1
631,28,1991,0,0,1,1
1919.8,82,1984,0,0,2,1
460.1,33,1957.5,0,0,1,1
713.6,65,1964,0,0,1,0
680.8,70,1957.5,0,0,1,1
749.7,60,1958,0,0,1,1
828.8,60,1957.5,0,0,2,1
1307.9,65,1983,0,0,1,1
715,75,1918,0,0,2,0
731.4,33,1967,0,0,1,1
653.9,48,1977,0,0,2,1
1778.8,107,1994.5,0,0,1,1
669.9,34,1957.5,0,0,1,1
564.2,73,1962,0,0,1,1
602.1,34,1968,0,0,1,1
1038.3,70,1957.5,0,0,1,1
661.1,30,1918,0,0,2,1
944.6,66,1951,0,0,1,1
986.5,42,1991,0,0,1,1
1065.7,90,1918,0,0,2,0
1180.3,102,1970,0,0,1,1
721.5,85,1929,0,0,2,1
833.5,70,1963,0,0,1,1
796.2,66,1963,0,0,1,1
1153.7,65,1929,0,0,1,1
854.9,83,1972,0,0,2,1
523.2,80,1918,0,0,2,0
616.8,33,1972,0,0,1,1
829.9,60,1968,0,0,1,1
787.1,40,1995,0,1,1,1
1288.8,84,1983,0,0,2,1
638.5,83,1994.5,0,0,1,1
894.2,105,1961,0,0,1,1
912.6,65,1957.5,0,0,2,1
1440,68,1959,0,0,2,1
511.5,43,1994.5,0,0,2,1
646.5,39,1957.5,0,0,2,1
824.6,35,1994.5,0,0,2,1
651.1,106,1924,0,0,1,0
1019.1,110,1918,0,0,2,1
1015.8,54,1990,0,0,2,1
547.2,51,1972,0,0,1,1
1269.7,64,1981,0,0,2,1
455.8,42,1957,0,0,1,1
1486.3,120,1918,0,0,2,1
312.7,42,1938,0,0,1,1
528.3,37,1967,0,0,1,1
424.5,49,1957.5,0,0,2,1
1014,66,1968,0,0,2,1
2316.6,104,1983,1,1,3,1
912.3,69,1959,0,0,1,1
612.2,28,1965,0,0,1,1
1032,55,1968,0,0,2,1
484.8,64,1957.5,0,0,1,1
720.8,46,1918,0,0,2,1
833.7,60,1957.5,0,0,2,0
787.1,65,1963,0,0,1,1
606.7,35,1972,0,0,1,1
412.6,65,1957.5,0,0,1,0
727.3,44,1972,0,0,2,1
1335.1,94,1981,0,0,1,1
683.8,27,1983,0,0,1,1
747.6,52,1958,0,0,1,1
1079.8,73,1918,0,0,1,1
495.9,38,1988,0,0,1,1
120,148,1918,0,0,2,0
1443.1,100,1970,0,0,3,1
177.5,44,1955,0,0,1,1
621,49,1957.5,0,0,2,0
704.2,60,1957.5,0,0,2,1
600.2,62,1972,0,0,2,1
1573.3,90,1961,0,0,1,1
2080.9,124,1979,0,0,1,1
717.7,65,1967,0,0,1,1
968.6,123,1929,0,0,1,1
818.4,68,1963,0,0,2,1
475.8,70,1956,0,0,2,1
1295.4,80,1968,0,0,1,1
877.6,84,1967,0,0,1,1
1271.6,84,1929,0,0,2,1
775.5,39,1960,0,0,1,1
446.6,37,1954,0,0,1,1
1047.5,76,1957.5,0,0,2,1
1291.6,75,1955,0,0,2,1
864.3,57,1981,0,0,1,1
577.1,58,1956,0,0,1,1
1105.5,49,1991,0,0,1,1
1203.2,62,1957.5,0,0,2,1
915.1,37,1957.5,0,0,1,1
445.7,35,1956,0,0,1,1
1368.2,54,1991,0,0,1,1
949.4,50,1984,0,0,2,1
571.8,30,1939,0,0,1,1
1031,71,1929,0,0,1,1
677.4,48,1939,0,0,1,1
858.2,60,1991,1,0,2,1
930.1,99,1918,0,0,1,1
782.3,76,1929,0,0,1,1
1672.7,88,1991,0,1,1,1
1309.7,118,1918,0,0,1,1
634.3,37,1953,0,0,2,1
671.9,35,1972,0,0,2,1
357.3,54,1960,0,0,1,0
784.4,67,1972,0,0,1,1
563.4,42,1963,0,0,2,1
700.7,54,1983,0,0,1,1
452.1,30,1929,0,0,1,1
1208.9,115,1991,0,1,1,1
1074.1,54,1918,0,0,2,1
908.9,57,1963,0,0,1,1
1060.2,107,1957.5,0,0,2,1
1161.5,40,1991,0,0,2,1
583.8,34,1929,0,0,1,1
559.7,39,1958,0,0,1,1
1317.5,68,1961,0,0,1,1
826.7,59,1954,0,0,1,1
690.7,65,1939,0,0,2,0
365.4,35,1957.5,0,0,2,1
716.3,36,1972,0,0,2,1
551.3,76,1929,0,0,1,0
826,50,1939,0,0,1,1
1140.9,98,1996,0,0,1,1
1828.7,105,1980,0,0,1,1
819,95,1957.5,0,0,1,1
1175.8,90,1918,0,0,2,0
1128.5,72,1963,0,0,2,1
484.9,29,1969,0,0,2,1
1020.9,75,1975,0,0,2,1
748.7,54,1969,0,0,1,1
810.7,35,1970,0,0,1,1
959.6,57,1959,0,0,2,1
442.2,59,1918,0,0,2,0
345.8,88,1918,0,0,2,0
1247.8,79,1957.5,0,0,1,1
877.3,92,1918,0,0,1,1
809.9,54,1972,0,0,1,1
849.3,85,1972,0,0,1,1
535.3,50,1970,1,0,1,1
1499.5,86,1994,0,0,1,1
850.8,46,1991,0,0,1,1
985.1,68,1972,0,0,1,1
829.2,45,1996,0,0,1,1
260,39,1986,0,1,1,1
623.1,29,1971,0,0,2,1
987.3,56,1996,0,0,1,1
560.9,35,1968,0,0,1,1
729,67,1965,0,0,1,1
1016.6,51,1961,0,0,1,1
689.9,50,1918,0,0,2,0
1055.5,78,1957.5,0,0,2,1
400.3,36,1939,0,0,1,1
674.9,50,1918,0,0,1,0
622.8,67,1939,0,0,1,1
1365.7,80,1958,0,0,1,1
749,73,1957.5,0,0,2,0
1011.2,53,1988,0,0,1,1
624,51,1962,1,0,1,1
321.9,42,1958,0,0,2,0
592.2,73,1929,0,0,1,1
951,38,1967,0,0,1,1
767,70,1959,0,0,1,1
481.2,30,1983,0,0,1,1
478.2,56,1918,0,0,1,1
475.4,34,1962,0,0,1,1
724,76,1918,0,0,1,0
1071.7,74,1985,0,0,1,1
1421.2,78,1954,0,0,1,1
734.3,97,1957.5,0,0,2,0
662,53,1960,0,0,2,1
1230.3,56,1918,0,0,1,1
762.8,73,1918,0,0,1,1
586.4,87,1918,0,0,2,0
744.5,50,1958,0,0,2,1
1445.5,109,1929,0,0,1,1
372.4,70,1918,0,0,1,0
1063.3,70,1957.5,0,0,1,1
685.7,37,1957.5,0,0,2,1
406.4,31,1957.5,0,0,1,1
1790.9,86,1991,0,0,2,1
1150.1,72,1954,0,0,2,1
750.6,63,1961,0,0,1,1
1040.6,68,1965,0,0,1,1
1056.4,74,1983,0,0,1,1
531.1,23,1961,0,0,1,1
237.2,59,1929,0,0,1,1
507.8,33,1963,0,0,1,1
592.2,63,1938,0,0,1,1
1048.5,78,1971,0,0,1,1
784.1,58,1970,0,0,1,1
757.6,78,1918,0,0,1,1
1479.1,98,1959,0,0,2,1
512,32,1952,0,0,2,1
509.5,72,1982,0,0,1,1
714.7,70,1972,0,0,2,1
916.3,47,1981,0,0,2,1
765.4,73,1968,0,0,2,1
688.5,30,1972,0,0,2,1
759.1,79,1957.5,0,0,2,1
718.7,54,1972,0,0,2,1
2258.6,100,1989,1,0,2,1
785,67,1929,0,0,2,0
1277.9,74,1957.5,0,0,2,1
1170.1,73,1977,0,0,1,1
754.8,27,1972,0,0,2,1
750.3,56,1964,0,0,1,1
752.7,48,1957,0,0,1,1
1561.5,65,1918,0,1,3,1
1727.1,132,1929,0,0,2,1
868.4,48,1950,0,0,2,1
634.2,49,1972,0,0,1,1
1538.1,103,1968,0,0,2,1
622.1,97,1918,0,0,1,1
569.3,32,1971,0,0,1,1
1104.9,64,1984,0,0,2,1
764.1,64,1972,0,0,1,1
413.1,26,1962,0,0,1,1
522.4,64,1971,0,0,1,1
2291.9,89,1983,0,0,1,1
1158.6,70,1959,0,0,1,1
517.3,28,1958,0,0,1,1
627.6,38,1956,0,0,1,1
950.7,52,1986,0,0,2,1
737.7,29,1996,0,0,1,1
999.8,66,1983,0,1,1,1
1137.8,95,1955,0,0,2,1
798.3,66,1972,0,0,1,1
371.9,70,1918,0,0,2,0
1535.5,100,1939,0,0,2,1
659.2,78,1918,0,0,1,0
965,88,1972,0,0,1,1
741.9,35,1984,0,0,1,1
509.9,33,1962,0,0,1,1
1872.4,95,1918,0,0,2,1
1358,70,1957.5,0,1,2,1
1326.6,94,1979,0,0,1,1
1012.6,47,1990,0,0,2,1
749.1,81,1973,0,0,1,1
668.5,78,1968,0,0,1,1
1115.1,58,1980,0,0,1,1
1212.5,70,1968,0,0,1,1
1024.6,52,1968,0,0,1,1
852,58,1963,0,0,1,1
765.5,43,1981,0,0,1,1
721.1,41,1970,0,0,1,1
904.1,58,1972,0,0,1,1
936.6,75,1960,0,0,2,1
973,54,1983,0,0,2,1
533.4,42,1956,0,0,1,1
239.5,60,1939,0,0,1,0
3594.6,145,1918,0,0,2,1
858.9,86,1954,0,0,1,1
1308,100,1918,0,0,2,1
1306.9,54,1993,0,0,1,1
1471.5,76,1991,1,0,2,1
610.9,30,1983,0,0,2,1
546.1,39,1918,0,0,2,0
703.4,72,1957.5,0,0,2,1
716.8,74,1957.5,0,0,2,1
1028.2,86,1966,0,0,1,1
972.1,61,1983,0,0,1,1
727.1,60,1972,0,0,1,1
1042.4,69,1972,0,0,1,1
887.9,100,1957.5,0,0,2,1
484.1,62,1918,0,0,1,0
702.9,64,1957.5,0,0,1,1
871.4,77,1918,0,0,1,1
924.8,76,1968,0,0,1,1
882.1,80,1969,0,0,1,1
447.8,27,1960,0,0,2,1
903.6,110,1918,1,0,2,1
591.9,73,1964,0,0,1,1
521.5,67,1957.5,0,0,2,0
107.7,44,1936,0,0,2,0
1096.5,100,1918,0,0,1,1
812.9,68,1954,0,0,1,1
609.3,62,1972,0,0,2,1
1244.7,81,1970,0,0,1,1
643.5,54,1960,0,0,1,1
537.5,30,1970,0,0,1,1
1860,91,1985,0,0,2,1
608.7,79,1918,0,0,1,0
884.4,56,1970,0,0,1,1
690.2,37,1972,0,0,1,1
1055.3,70,1989,0,0,2,1
280.3,40,1983,0,0,2,1
881.5,65,1918,0,0,1,1
1039.6,60,1939,0,0,2,1
950.8,68,1957.5,0,0,2,1
821.6,77,1957.5,0,0,2,1
1250.2,81,1957.5,0,0,2,1
1531.6,96,1918,0,0,2,1
1991.7,120,1924,0,0,2,1
509.2,42,1973,0,0,1,1
702.9,43,1964,0,0,1,1
424,57,1918,0,0,1,1
818.3,102,1918,0,0,1,1
464.1,58,1969,0,0,1,1
507.9,50,1957.5,0,0,2,1
578.8,49,1969,0,0,1,1
813.2,81,1970,0,0,1,1
652.3,28,1972,0,0,2,1
2280.7,104,1990,1,0,2,1
1164.4,67,1918,0,0,2,1
902,65,1918,0,0,2,0
1444.5,70,1985,0,0,3,1
1150.1,73,1934,0,0,2,1
873.7,82,1953,0,0,1,1
1313.7,84,1957.5,0,0,2,1
526.1,45,1933,0,0,1,1
587.4,60,1929,0,0,2,1
1028.3,67,1957.5,0,0,2,1
1178.7,74,1960,0,0,1,1
491.1,45,1984,0,1,1,1
1657.1,84,1965,1,0,1,1
1582.5,100,1954,0,0,2,1
1513.9,100,1918,0,0,2,1
972.7,98,1929,0,0,2,1
1101.9,56,1992,0,1,1,1
411.5,50,1954,0,0,2,1
1030.1,62,1957.5,0,0,1,1
1404.6,64,1918,0,0,3,1
715.7,53,1972,0,0,1,1
1278.7,80,1918,0,0,2,1
912.9,69,1961,0,0,1,1
978.7,86,1957.5,0,0,1,1
718.2,35,1971,0,0,2,1
580.6,61,1939,0,0,1,1
1127.9,80,1976,0,0,2,1
705.7,40,1929,0,0,1,1
1108.8,62,1929,0,1,1,1
651.5,65,1918,0,0,2,0
462.3,48,1957.5,0,0,1,1
696.9,75,1957.5,0,0,2,1
932.4,60,1957.5,0,0,1,1
772.6,92,1957.5,0,0,2,1
1158.3,62,1957.5,0,0,2,0
717.7,84,1974,0,0,1,1
633.6,62,1939,0,0,2,1
397.9,144,1918,0,0,1,0
919.9,45,1984,0,0,2,1
566.6,53,1963,0,0,2,1
603.7,60,1918,0,0,1,0
570.3,65,1957.5,0,0,2,1
897.6,76,1929,0,0,2,1
885.8,65,1929,0,0,2,1
329.3,45,1918,0,0,2,0
557.9,45,1960,0,0,2,1
1589,100,1960,0,0,2,1
1084.6,67,1960,0,0,2,1
593.2,52,1960,0,0,1,1
700,85,1918,0,0,2,1
1750.6,94,1972,0,0,1,1
894.6,58,1959,0,0,1,1
373.3,30,1958,0,0,1,1
1039.8,92,1918,1,0,2,1
589.4,70,1951,0,0,1,0
880.6,70,1918,0,0,2,1
1817.4,95,1984,1,0,3,1
660.4,42,1958,0,0,1,1
1401.6,90,1959,0,0,1,1
992.9,46,1985,0,0,1,1
1193.6,70,1967,0,0,1,1
1077.3,56,1973,0,0,2,1
525,55,1983,0,0,1,1
525.2,30,1972,0,0,2,1
678.6,56,1962,0,0,1,1
1055.5,70,1957.5,0,0,1,1
1552.4,92,1918,0,0,1,1
668.7,53,1939,0,0,2,0
791,52,1959,0,0,1,1
1445.9,65,1985,0,1,1,1
1304.9,62,1967,0,0,1,1
714.6,68,1970,0,0,2,1
705.1,45,1937,0,0,1,1
922.1,62,1957.5,0,0,1,1
598.5,52,1958,0,0,1,1
501.2,45,1956,0,0,1,1
1116.9,66,1991,0,1,1,1
697.9,87,1929,0,0,2,0
1058.2,58,1957.5,0,0,2,1
972.5,84,1958,0,0,1,1
1302.8,98,1988,0,0,2,1
1301.4,70,1995,0,0,1,1
1081,83,1968,0,0,1,1
933,99,1968,0,0,1,1
681.8,70,1970,0,0,1,1
1470.4,73,1992,0,0,1,1
2091,112,1918,0,1,2,1
791.6,58,1918,0,0,1,1
835.2,52,1957.5,1,0,2,1
716.2,35,1957.5,0,0,1,1
745.9,51,1969,0,0,1,1
601.3,30,1969,0,0,1,1
866.3,60,1961,0,0,1,1
761,73,1918,0,0,1,1
682.6,66,1952,0,0,2,1
480.9,59,1918,0,0,2,0
673,62,1962,0,0,1,1
691.8,31,1965,0,0,1,1
757.1,77,1957.5,0,0,2,1
528.8,67,1939,0,0,2,1
752.6,57,1959,0,0,2,1
1153.3,88,1957.5,0,0,1,1
1008.4,79,1960,0,0,1,1
601.6,65,1918,0,0,2,1
749.7,102,1918,0,0,1,0
473,64,1929,0,0,1,0
543.7,35,1974,0,0,1,1
1010.9,80,1970,0,0,1,1
803.8,65,1971,0,0,1,1
1059.3,64,1972,0,0,1,1
655.3,41,1972,0,0,1,1
624.7,40,1957.5,0,0,1,1
782.4,56,1958,0,0,2,1
1061.1,80,1918,0,0,2,0
763,64,1918,0,0,1,1
1100.2,110,1918,0,0,1,1
1036,96,1983,1,0,1,1
670.3,62,1918,0,0,2,1
870.3,70,1924,0,0,2,1
1032,100,1970,1,0,2,1
1655.1,96,1991,1,0,1,1
635.5,44,1963,0,0,2,1
258.9,33,1960,0,0,1,1
519.2,60,1952,0,0,2,0
792.7,32,1957.5,0,0,2,1
535.1,68,1918,0,0,1,1
2209.6,106,1977,0,0,2,1
576,47,1929,0,0,1,1
1374.2,78,1981,1,0,1,1
678.2,60,1961,0,0,1,1
1093.8,85,1964,0,0,1,1
950.3,72,1958,0,0,1,1
1636.3,105,1980,1,0,1,1
1499,70,1983,0,0,1,1
623.8,38,1971,0,0,1,1
807.2,40,1929,0,0,2,1
425.2,28,1957,0,0,1,1
1000.3,56,1972,0,0,1,1
799.6,35,1976,0,0,1,1
714.9,70,1962,0,0,2,1
1406.4,106,1953,0,0,1,1
772.2,33,1972,0,0,2,1
1403.9,100,1983,0,0,2,1
468.5,28,1939,0,0,1,1
390.1,65,1957.5,0,0,2,0
864.6,59,1918,0,0,2,1
530.2,54,1937,0,0,1,1
492.8,34,1957,0,0,1,1
986,55,1984,0,0,2,1
900.6,81,1929,0,0,2,1
1025.4,76,1966,0,0,1,1
483.5,69,1939,0,0,1,1
1338.2,60,1991,1,0,1,1
1174.6,83,1918,0,0,2,1
473.3,31,1970,0,0,2,1
1315.8,60,1991,0,0,2,1
840.8,79,1962,0,0,1,1
661.1,76,1929,0,0,1,1
438.6,52,1929,0,0,1,1
615.1,37,1965,0,0,1,1
1843.4,87,1991,0,0,1,1
1966.2,110,1929,0,0,2,1
923.9,80,1969,0,0,1,1
726.4,33,1991,0,0,2,1
969.8,77,1918,0,0,1,1
1041.6,71,1969,0,0,2,1
700.9,65,1957.5,0,0,1,1
955.1,63,1971,0,0,1,1
907.4,65,1962,0,0,2,1
609.9,87,1989,0,1,3,1
1502.9,80,1983,0,0,3,1
785.2,43,1918,0,0,1,1
1040.4,79,1975,1,0,2,1
466.1,48,1918,0,0,2,1
1119.4,61,1972,0,0,1,1
1311.8,64,1991,0,0,2,1
953.5,90,1918,0,0,2,0
1032.9,76,1937,0,0,2,1
447.6,57,1918,0,0,2,0
469.7,36,1972,0,0,1,1
1239.2,93,1957.5,0,0,2,1
878.5,90,1955,0,0,2,1
831.6,79,1957,0,0,1,1
821.6,92,1955,1,0,1,1
594.4,80,1955,0,0,1,1
609.5,80,1918,0,0,1,1
1185.2,70,1918,0,0,1,1
553.7,59,1938,0,0,1,1
569.7,55,1955,0,0,1,0
452.8,41,1951,0,0,2,1
604.2,56,1954,0,0,2,1
1278.4,70,1972,0,0,1,1
1010.4,88,1959,0,0,1,1
1085.6,86,1970,0,0,1,1
931,57,1957.5,0,0,2,1
1054.6,68,1981,0,0,2,1
657.1,28,1957.5,0,0,1,1
573.5,56,1924,0,0,1,1
1454.3,96,1940,0,0,2,1
981.2,65,1983,0,0,1,1
972.7,76,1983,0,0,2,1
1178.4,73,1969,0,0,1,1
1152,66,1967,0,0,1,1
745.5,46,1957.5,0,0,1,1
913.7,54,1957.5,0,0,2,1
834.6,76,1957.5,0,0,2,1
668.3,68,1961,0,0,1,1
1112.5,78,1962,0,0,1,1
474.8,36,1961,0,0,1,1
715.5,61,1957.5,0,0,2,1
1221,79,1963,0,1,1,1
312.7,34,1957.5,0,0,2,1
346.9,32,1960,1,0,2,1
934.9,68,1973,0,0,1,1
902.1,140,1939,1,0,2,1
933.9,54,1983,0,0,1,1
678.5,80,1960,0,0,1,1
1455.3,73,1981,0,1,2,1
1054.5,50,1993,0,0,1,1
1022.6,51,1989,0,0,1,1
526.7,35,1972,0,0,1,1
492.6,66,1929,0,0,2,1
1488.7,96,1970,0,0,2,1
917.6,98,1918,0,0,1,1
1068.3,64,1924,0,0,2,1
676.4,52,1974,0,0,1,1
638.5,72,1968,0,0,2,1
774,60,1965,0,0,1,1
1055.7,47,1971,0,0,1,1
818.6,78,1967,0,0,1,1
1031.1,55,1967,0,0,1,1
621.2,72,1918,0,1,3,1
928.9,68,1918,0,0,1,1
421.8,32,1918,0,0,1,0
1113.2,57,1958,0,0,1,1
1724.2,87,1918,0,0,1,1
985.6,78,1918,0,0,1,1
1274.7,78,1982,0,0,1,1
777.8,65,1957.5,0,0,1,1
677.3,42,1939,0,0,2,1
749.8,52,1966,0,0,2,1
832.5,61,1957.5,0,0,2,1
1128.3,75,1958,0,0,2,1
708.8,63,1957.5,0,0,2,1
1050.2,103,1949,0,0,1,1
996.2,70,1957.5,0,0,2,1
1372.9,75,1957.5,0,0,2,1
1272.6,68,1983,0,0,2,1
713.8,43,1939,0,0,1,1
746.4,28,1962,0,0,1,1
504.5,32,1960,0,0,1,1
951.2,91,1960,0,0,1,1
579.3,64,1937,0,0,2,1
257.2,48,1956,0,0,1,0
1060.3,76,1937,0,0,1,1
892.8,82,1962,0,0,1,1
532,123,1918,0,0,2,0
632.6,68,1939,0,0,2,0
320.2,57,1954,0,0,1,1
643.3,50,1969,0,0,1,1
2070.1,98,1929,0,0,2,1
1648.4,110,1939,0,0,2,1
1345.2,90,1985,0,0,1,1
636.3,78,1968,0,0,2,1
1106.9,92,1918,1,0,1,1
534.7,51,1957.5,0,0,1,0
200.3,70,1929,0,0,1,0
792.9,58,1937,0,0,2,1
535.2,76,1924,0,0,1,0
1418.3,83,1991,0,0,1,1
507.7,37,1966,0,0,1,1
739.5,74,1918,0,0,2,1
1168.4,68,1929,0,0,2,1
413.7,110,1929,0,0,2,1
864.7,72,1918,0,0,1,1
1464.5,93,1970,0,0,2,1
696.3,45,1992,0,1,1,1
1271.8,71,1986,0,1,2,1
1533.9,99,1957.5,0,0,1,1
1217,100,1966,0,0,1,1
1288.4,62,1996,0,1,2,1
1103.5,64,1931,0,0,2,0
938.4,81,1959,0,0,2,1
1106.5,85,1929,0,0,2,1
924.8,120,1918,0,0,2,1
712.8,85,1939,0,0,2,0
920.9,84,1967,0,0,1,1
480,52,1972,0,0,1,1
1253.1,106,1939,0,0,2,1
928.4,72,1955,0,0,1,1
775.8,53,1984,0,0,1,1
1038.3,48,1962,0,0,2,1
359.1,51,1955,0,0,1,1
728.4,50,1982,0,0,1,1
771.5,48,1957.5,0,0,1,1
742.2,83,1959,0,0,1,1
903.8,50,1986,0,0,1,1
1872.3,86,1994,0,0,2,1
1148.5,92,1918,0,0,1,1
1144.3,77,1974,1,0,2,1
762,97,1971,0,0,2,1
528.2,45,1972,0,0,1,1
693.5,48,1918,0,0,2,0
648.9,37,1953,0,0,1,1
292,45,1957.5,0,0,2,0
2006.9,94,1972,0,1,2,1
911.4,88,1939,1,0,1,1
968.2,97,1918,0,0,2,0
825.4,38,1972,0,0,2,1
1273.1,90,1960,0,0,1,1
1600.2,110,1918,0,0,2,1
965.5,54,1991,0,0,1,1
429.8,93,1918,0,0,2,0
1214.5,67,1929,0,0,2,1
815.3,65,1959,0,0,1,1
839.1,64,1963,0,0,1,1
1389.1,125,1929,0,0,2,1
1016.5,81,1971,0,0,2,1
754.9,49,1960,0,0,1,1
2277.6,96,1986,0,0,2,1
516.7,84,1939,0,0,1,1
531.7,83,1957.5,0,0,1,1
546.7,92,1929,0,0,1,0
694.8,54,1972,0,0,1,1
1144,106,1959,0,0,1,1
706.6,60,1967,0,0,1,1
1129.6,65,1972,0,0,1,1
946.9,86,1973,0,0,1,1
879,82,1959,0,0,2,1
1238.3,83,1989,0,0,2,1
341.7,33,1939,0,0,2,1
971.1,60,1955,0,0,1,1
396.7,43,1954,0,0,1,1
1581.1,93,1957.5,0,1,1,1
599,110,1918,0,0,2,0
478.3,33,1918,0,0,2,0
449.2,44,1957.5,0,0,1,1
670.1,92,1957.5,0,0,2,1
1029.8,79,1978,0,0,1,1
1002.2,58,1918,0,0,2,1
1116.9,62,1957.5,0,0,1,1
616.9,53,1960,0,0,2,1
628.5,100,1918,0,0,2,0
928.9,50,1964,0,0,1,1
948.1,83,1961,0,0,1,1
945.9,61,1954,0,0,1,1
604.9,23,1957,0,0,2,1
1468.7,80,1983,0,0,1,1
488.6,39,1939,0,0,1,1
1059.8,88,1977,0,0,1,1
747.3,35,1929,0,0,2,1
995.8,82,1971,0,0,1,1
705.7,60,1918,0,0,1,1
1117.9,60,1986,1,0,2,1
899.5,75,1963,0,0,1,1
655.2,89,1957.5,0,0,2,0
685.1,60,1918,0,0,2,0
730.8,80,1941,0,0,1,1
673.9,64,1960,0,0,1,1
1060.5,100,1929,0,0,1,1
1261.4,57,1960,0,0,1,1
668.4,69,1918,0,0,1,0
600.3,100,1924,0,0,2,1
677.9,76,1929,0,0,2,0
881.1,92,1958,0,0,2,1
557.9,105,1982,1,1,2,1
2025.7,137,1918,0,0,2,1
652.8,35,1957.5,0,0,2,1
871.1,64,1970,0,0,1,1
1493.9,82,1962,0,0,1,1
1026.7,50,1991,0,0,1,1
1417.2,78,1994.5,0,0,1,1
193.5,42,1939,0,0,2,1
1354.7,72,1918,0,0,2,1
937.3,63,1958,0,0,1,1
898.5,100,1918,0,0,1,0
722.8,58,1960,0,0,1,1
578.5,29,1957.5,0,0,1,1
1454.2,103,1939,0,0,1,1
1090.1,114,1918,0,0,2,1
853.3,37,1971,0,0,2,1
919.7,64,1965,0,0,1,1
1016.8,104,1918,0,0,3,1
487.7,70,1918,0,0,2,1
657.9,53,1972,0,0,2,1
1008.2,101,1929,1,0,1,1
1876,113,1972,1,0,1,1
1209.6,69,1939,0,0,2,0
555.8,108,1918,0,0,1,1
1150.4,71,1968,0,0,2,1
519.9,53,1982,0,0,2,1
699.2,70,1967,0,0,1,1
494.4,33,1956,0,0,2,1
518.5,50,1957.5,0,0,2,1
907.5,50,1957.5,0,0,2,1
999.1,103,1930,0,0,1,1
843.8,55,1918,0,0,1,1
1437.2,102,1979,0,0,1,1
1170.2,79,1957.5,0,0,1,1
1836.3,146,1979,0,0,1,1
595,44,1966,0,0,1,1
699.7,40,1918,0,0,2,1
707.1,75,1940,0,0,1,1
973.2,54,1929,0,0,1,0
735.9,41,1956,0,0,2,1
1107.8,82,1973,1,0,2,1
769.2,38,1966,0,0,2,1
1461,92,1973,0,0,1,1
829.5,50,1957.5,0,0,2,1
1335.1,83,1972,0,0,1,1
714.6,58,1972,0,0,1,1
679.9,65,1918,0,0,2,1
607.8,44,1973,0,0,1,1
1169.9,82,1984,0,0,1,1
842,68,1965,0,0,1,1
570.3,60,1918,0,0,1,1
748,70,1957.5,0,0,1,0
515.6,32,1972,0,0,1,1
924.3,120,1918,0,0,2,1
437.1,40,1957.5,0,0,1,1
740,50,1991,0,1,1,1
497.5,28,1963,0,0,1,1
814.4,79,1970,0,0,2,1
879.8,45,1957.5,0,0,2,1
1241,100,1971,0,0,2,1
1219.8,63,1985,0,0,1,1
462.2,55,1972,0,0,1,1
611.2,54,1962,0,0,1,1
894.8,67,1963,0,0,1,1
814.5,59,1933,0,0,1,1
1534.3,85,1994.5,0,0,1,1
896.5,65,1918,0,0,2,1
1077.3,58,1986,0,0,1,1
1439.6,76,1992,0,0,1,1
730.7,56,1957.5,0,0,2,1
1544.9,70,1989,0,0,2,1
965.6,52,1972,1,0,1,1
730.2,65,1962,0,0,1,1
715.2,43,1991,0,0,2,1
839.4,68,1964,0,0,1,1
1594,90,1979,0,1,1,1
1319.9,64,1957,0,0,1,1
804.1,70,1965,0,0,1,1
718.3,40,1929,0,0,2,1
569,26,1972,0,0,2,0
1105.9,39,1983,0,0,2,1
512.1,48,1932,0,0,1,1
1322.7,70,1991,0,0,1,1
674,35,1995,0,0,1,1
474.5,37,1957.5,0,0,1,1
1826.9,82,1984,0,0,3,1
263.2,58,1918,0,0,1,0
897.2,39,1991,0,0,1,1
964.9,71,1918,0,0,1,1
459,32,1972,0,0,2,1
641.2,87,1957.5,0,0,2,1
348.3,45,1918,0,0,2,0
737.7,38,1957.5,0,0,1,1
538.7,42,1964,0,0,1,1
1282.3,125,1918,0,0,2,1
2355.7,101,1980,0,0,2,1
1259.7,78,1957,0,0,1,1
1499.1,62,1993,0,0,2,1
537,89,1930,0,0,1,1
903,65,1918,0,0,2,1
696.7,43,1959,0,0,2,1
482.1,51,1986,0,0,1,1
714.4,58,1938,0,0,1,1
771.7,86,1957,0,0,1,1
831,53,1980,0,0,1,1
1126.4,59,1994,0,0,1,1
1483.5,73,1963,0,0,1,1
1180,72,1972,0,0,1,1
745.9,64,1935,0,0,1,1
1165.7,95,1918,0,0,2,0
558.7,29,1957.5,0,0,2,1
781.5,64,1918,0,0,1,1
400.2,36,1955,0,0,2,1
586.3,110,1918,0,0,2,1
553.7,28,1929,0,0,2,1
517.4,58,1918,0,0,2,0
501.1,32,1972,0,0,1,1
406.5,70,1918,0,0,2,0
1010.5,60,1959,0,0,2,1
834.7,34,1957,0,0,2,1
1386.6,113,1929,0,0,2,1
390.3,57,1957.5,0,0,2,1
1708.5,80,1924,0,0,2,1
728.6,37,1929,0,0,2,1
610.7,68,1957.5,0,0,2,1
1005.1,78,1980,0,0,2,1
183.4,46,1918,0,0,1,1
766.2,75,1972,0,0,2,1
519.6,39,1968,0,0,1,1
737.6,73,1968,0,0,1,1
686.5,65,1959,0,0,1,1
985.2,68,1918,0,0,2,1
513.1,34,1957,0,0,1,1
609.9,50,1957.5,0,0,2,0
1006.8,70,1961,0,0,1,1
605.8,75,1961,0,0,1,1
526.6,41,1957.5,0,0,2,0
906.5,84,1991,0,0,1,1
613.6,59,1957.5,0,0,1,0
502.4,60,1956,0,0,1,0
507.1,32,1957.5,0,0,2,1
1250.9,68,1979,0,0,1,1
539.5,52,1960,0,0,2,1
947.5,67,1939,0,0,2,1
1227.9,90,1961,0,0,1,1
763.2,56,1955,0,0,1,1
589,56,1962,0,0,2,1
1199.4,50,1972,1,0,1,1
584.2,91,1939,0,0,1,0
1039.2,58,1984,0,0,1,1
873,86,1962,0,0,1,1
588.3,31,1972,0,0,1,1
1400.3,78,1955,0,0,1,1
1123.4,57,1972,0,0,2,1
557.8,118,1918,0,0,1,1
1051.5,109,1918,0,0,1,0
478.2,70,1918,0,0,2,0
1050,82,1985,0,0,1,1
812.8,82,1972,0,0,1,1
1043.4,75,1971,0,0,1,1
1230.8,85,1957.5,0,1,1,1
893,75,1984,1,0,1,1
601.5,76,1918,0,0,2,0
1133.8,47,1983,0,0,1,1
466.1,35,1994,0,0,2,1
1218.5,83,1983,0,0,1,1
1096.7,62,1929,0,0,2,1
547.5,60,1918,0,0,2,0
993.4,56,1957.5,0,0,1,1
804.5,84,1918,0,0,1,1
943.7,51,1956,0,0,2,1
439.3,54,1957.5,0,0,2,1
1011,130,1918,0,0,1,1
750.2,57,1996,0,0,1,1
957.6,49,1957.5,0,0,1,1
978.9,43,1972,0,0,1,1
662.6,55,1924,0,0,1,1
645.7,42,1918,0,0,1,1
814.3,60,1954,0,0,1,1
1332.9,110,1983,0,0,1,1
771,69,1957,0,0,1,1
586.3,71,1983,0,0,1,1
1107.9,100,1972,0,0,1,1
1230.7,86,1983,0,0,1,1
980.2,40,1991,0,0,1,1
948.3,87,1968,0,0,1,1
391.6,30,1972,0,0,1,1
367.3,21,1966,0,0,3,1
540.5,71,1963,0,0,1,1
633.9,97,1918,1,0,2,1
505.5,62,1955,0,0,1,1
608.6,67,1964,0,0,1,1
1266.3,94,1971,0,0,1,1
751.1,56,1972,0,0,1,1
700.8,36,1966,0,0,1,1
1009.5,48,1985,0,0,1,1
1051.6,65,1965,0,0,1,1
466.6,86,1960,1,0,1,1
604.4,76,1960,0,0,1,1
799.9,93,1955,1,0,1,1
521.4,28,1968,0,0,1,1
1377.1,84,1981,0,0,1,1
1752.9,95,1918,0,0,2,1
483.2,75,1918,0,0,2,1
1293.7,67,1991,0,0,2,1
1087.2,68,1970,0,0,1,1
717.1,65,1957.5,0,0,1,1
731.5,49,1983,0,0,1,1
510.8,38,1918,0,0,1,0
666.6,67,1936,0,0,2,0
730.2,35,1918,0,0,2,1
206.2,38,1957.5,0,0,1,1
1662.7,80,1972,0,0,3,1
2109.5,103,1959,0,0,1,1
1889.2,130,1929,0,0,2,1
871,75,1957.5,0,0,1,1
1706.3,102,1918,1,0,2,1
1290.4,79,1986,0,0,1,1
914.4,52,1929,0,0,1,1
642.1,54,1966,0,0,1,1
634.9,36,1967,0,0,1,1
555.2,38,1957.5,0,0,2,1
1128.4,58,1957.5,0,0,2,1
1155.3,91,1979,0,0,1,1
965.8,49,1994,0,1,1,1
842.4,96,1939,0,0,1,0
1655.4,108,1994.5,1,1,1,1
797.4,53,1939,0,0,2,1
1102,58,1983,0,0,2,1
553.6,58,1954,0,0,1,0
628.4,68,1960,0,0,1,1
1009.2,55,1981,0,0,1,1
314.7,54,1955,0,0,1,0
711.5,72,1968,0,0,1,1
967.6,45,1992,0,0,2,1
671.7,35,1972,0,0,2,1
1290.6,99,1939,0,1,2,1
358,70,1918,0,0,2,0
1150.8,66,1972,1,0,1,1
536.2,38,1970,0,0,1,1
1122.7,119,1939,0,0,2,0
1212.8,87,1962,0,0,1,1
355.5,38,1972,0,0,1,1
667.1,45,1971,0,0,1,1
275.4,86,1929,0,0,1,0
952.2,83,1972,0,0,1,1
1196.9,100,1983,0,0,1,1
757.9,57,1955,0,0,1,1
946,45,1941,0,0,1,1
2031.7,116,1964,1,1,2,1
552.5,30,1972,0,0,2,1
1100.1,68,1963,0,0,1,1
1498.5,74,1986,0,0,2,1
849.2,80,1973,0,0,1,1
790.6,78,1963,0,0,2,1
983.1,51,1989,0,0,1,1
992.2,58,1918,0,0,2,1
3024.8,160,1918,1,0,2,1
683.7,56,1918,0,0,1,1
599.6,23,1969,0,0,2,1
822.9,79,1991,0,0,2,1
938.1,58,1958,0,0,1,1
2857.6,155,1918,0,0,2,1
525,55,1939,0,0,2,1
1094.1,90,1962,0,0,1,1
956.8,63,1979,0,1,1,1
806.3,53,1996,0,1,1,1
1590.4,107,1972,0,0,3,1
1072.5,50,1991,0,0,2,1
494.3,30,1965,0,0,1,1
441.9,30,1965,0,0,1,1
838.1,31,1957.5,1,0,2,1
969.8,44,1994,0,0,1,1
1115.2,78,1959,0,0,1,1
576.6,67,1957.5,0,0,2,1
1406.3,92,1957.5,0,0,2,1
676.8,44,1985,0,0,1,1
1227.6,96,1979,0,0,1,1
643.2,48,1939,0,0,2,1
547.9,53,1957.5,0,0,2,0
529.5,38,1929,0,0,1,1
772.8,30,1959,0,0,2,1
780.2,64,1973,0,0,2,1
553.2,56,1957.5,0,0,2,1
544.1,48,1939,0,0,1,1
691.9,66,1957.5,0,0,2,1
634,62,1939,0,0,1,1
936.3,79,1971,0,0,1,1
1090.3,64,1924,0,0,2,1
572.9,77,1918,0,0,2,0
875.9,96,1918,0,0,2,0
1024.8,81,1957.5,0,0,1,1
602.2,52,1957.5,0,0,1,1
472,30,1957.5,0,0,2,1
711.2,37,1974,0,0,1,1
789.9,50,1929,0,0,3,1
1576.4,118,1924,0,0,2,1
1151.9,72,1996,1,0,1,1
1047.7,74,1939,0,0,1,1
1145.2,86,1963,0,0,1,1
928,55,1968,0,0,1,1
736.5,88,1957.5,0,0,1,1
1088.5,63,1982,0,0,1,1
1012.2,70,1957.5,0,0,1,1
873.8,93,1971,0,0,2,1
868.4,54,1996,0,0,1,1
817.9,82,1929,0,0,1,1
857.3,54,1976,0,0,2,1
725.5,43,1984,0,0,1,1
589.2,40,1938,0,0,2,1
1722.8,95,1970,0,0,3,1
1178.5,160,1918,0,0,2,1
828.6,56,1967,0,0,1,1
690.4,55,1958,0,0,1,1
1883.9,125,1918,0,0,2,0
788.3,36,1972,0,0,2,1
331.3,27,1972,0,0,2,1
857.1,58,1957.5,0,0,2,1
1261.2,64,1995,0,1,2,1
971.4,84,1957.5,0,0,1,1
840.6,60,1976,0,0,1,1
656.6,56,1964,0,0,2,1
842.2,47,1983,0,0,1,1
1138,86,1937,0,0,1,0
506.1,60,1918,0,0,1,0
1139.5,127,1918,0,0,2,1
558.6,55,1957.5,0,0,1,1
503.9,51,1932,0,0,1,1
1233.2,62,1973,0,0,2,1
1156.1,89,1962,0,0,2,1
1688.6,75,1982,0,0,2,1
1267,86,1970,0,0,1,1
638,31,1971,0,0,2,1
654.8,38,1957.5,0,0,1,1
711.6,75,1962,0,0,1,1
595.5,90,1918,0,0,1,1
2268.8,115,1955,1,0,3,1
1157.3,65,1918,0,0,1,1
1330.3,65,1984,0,0,1,1
794.6,37,1991,0,0,1,1
689.8,66,1963,0,0,1,1
839.9,56,1983,0,0,2,1
1052.2,75,1971,0,0,1,1
680.2,54,1983,0,0,2,1
1370.9,84,1970,1,0,2,1
921.1,65,1963,0,0,1,1
756.6,47,1972,0,0,1,1
1119.5,90,1970,0,0,1,1
759.7,37,1971,0,0,1,1
696.4,63,1964,1,0,1,1
1139,100,1968,0,0,1,1
824.4,58,1962,0,0,1,1
997,56,1984,0,0,2,1
1212,58,1986,0,0,1,1
465.2,33,1973,0,0,1,1
1032.2,64,1961,0,0,1,1
632.3,32,1961,0,0,1,1
1298.3,81,1968,0,0,1,1
954.7,76,1939,0,0,1,1
1206.1,78,1994.5,0,0,1,1
1161.9,81,1985,0,1,1,1
986.5,50,1972,0,0,1,1
694.4,38,1958,0,0,1,1
443.7,65,1957.5,0,0,2,1
1126.1,67,1967,0,1,1,1
1085,101,1929,0,0,2,1
636,26,1960,0,0,1,1
1283.5,67,1991,0,1,1,1
1308.6,77,1959,0,0,2,1
761.9,57,1972,0,0,2,1
1289.3,72,1972,0,0,1,1
837.1,38,1972,0,0,2,1
1555.3,57,1977,0,0,3,0
1061.1,68,1957.5,0,0,1,1
800.1,79,1989,0,0,1,1
878.9,90,1989,0,0,1,1
828.2,65,1968,0,0,1,1
759.8,69,1956,0,0,2,1
386,70,1956,0,0,1,0
769.5,50,1972,0,0,1,1
590.5,57,1957.5,0,0,1,0
532.7,33,1939,0,0,1,1
1641.2,130,1918,0,0,3,1
557.4,58,1955,0,0,1,1
1518.6,81,1993,0,0,1,1
422,50,1963,0,0,1,1
969.8,60,1929,0,0,1,1
488.7,52,1959,0,0,1,1
1357.5,79,1973,0,0,2,1
787.1,41,1986,0,0,1,1
1685.6,105,1969,0,0,3,1
534.9,40,1972,0,0,1,1
785.5,69,1983,1,0,2,1
569.1,29,1966,0,0,1,1
860.3,56,1967,0,0,1,1
824.5,120,1918,0,0,1,1
1053.3,122,1918,0,0,1,1
699.7,100,1918,0,0,1,1
1316.9,87,1980,0,0,1,1
1020,63,1918,0,0,1,1
504.1,65,1929,0,0,2,0
400.2,110,1929,0,0,3,0
718.7,34,1961,0,0,2,1
897,64,1963,0,0,1,1
1017.3,72,1972,0,0,2,1
1677.6,94,1982,0,0,1,1
799.3,88,1955,0,0,2,1
557,35,1971,0,0,1,1
1255.3,65,1972,0,0,2,1
498.2,93,1918,0,0,1,0
827.7,73,1957.5,0,0,1,1
608.3,54,1918,0,0,2,0
538.9,50,1957.5,0,0,2,1
1257.7,62,1972,0,0,1,1
820.9,56,1957.5,0,0,2,1
861.1,77,1969,0,0,1,1
929.7,60,1961,0,0,2,1
315.5,24,1960,0,0,2,1
583.9,46,1957.5,0,0,1,1
1427.9,72,1918,0,1,2,1
862,46,1952,0,1,2,1
578,32,1971,0,0,2,1
1096.7,50,1984,0,0,2,0
1295.9,77,1957.5,0,0,2,1
889.7,39,1957.5,0,0,2,1
919.4,67,1957.5,0,0,2,1
699.4,98,1963,0,0,2,1
607.4,30,1968,0,0,1,1
838.2,45,1992,0,0,2,1
306.6,58,1929,0,0,2,0
1307.7,64,1991,0,0,2,1
593.3,28,1961,0,0,2,1
700.9,80,1970,0,0,1,1
812.7,43,1957.5,0,0,2,1
600.6,35,1959,0,0,2,1
628.2,38,1959,0,0,1,1
517.9,49,1963,0,0,1,1
452.3,62,1972,0,0,1,1
1236.1,117,1918,0,0,2,1
573.7,59,1960,0,0,1,1
500.5,84,1961,0,0,1,1
978.1,63,1957.5,0,0,2,1
1360.8,112,1918,0,0,2,1
866.5,56,1969,0,0,1,1
1066.6,86,1918,0,0,1,1
1295.4,90,1956,0,0,1,1
970.1,59,1958,0,0,2,1
1046.7,92,1918,0,0,2,1
629.9,47,1967,0,0,1,1
619.1,65,1957.5,0,0,1,1
1151.7,62,1918,0,0,1,1
385.5,56,1929,0,0,1,0
891.4,65,1961,0,0,2,1
549.6,95,1959,0,0,2,1
941.2,65,1960,0,0,1,1
1452.9,100,1985,0,0,1,1
489.6,80,1929,0,0,1,0
736.3,68,1939,0,0,1,1
937.7,53,1957.5,0,0,2,1
629.6,37,1966,0,0,2,1
444.2,73,1972,0,0,1,0
1209.7,80,1957.5,0,0,2,1
436.1,64,1934,0,0,2,1
1038.9,70,1955,0,1,1,1
1211.3,67,1961,0,0,2,1
740.9,50,1958,0,0,2,1
665.6,34,1972,0,0,1,1
810.7,134,1918,0,0,2,1
684.8,54,1929,0,0,2,1
1105,52,1929,0,0,2,1
1183.6,65,1994,0,1,1,1
442.1,38,1958,0,0,1,1
1043.8,53,1939,0,0,1,1
773.5,70,1961,0,0,2,1
340.9,59,1929,0,0,1,1
537.1,52,1957.5,0,0,2,1
1261.3,120,1939,0,0,3,1
1368.7,65,1929,0,0,2,1
1126.6,106,1954,0,0,1,1
956,67,1957.5,0,0,1,1
536.9,40,1965,0,0,1,1
1148.8,66,1959,0,0,1,1
1550.4,70,1989,0,0,1,1
1089.5,109,1929,0,0,2,1
560.6,30,1971,0,0,2,1
495.4,47,1972,0,0,1,1
971.1,60,1979,0,0,1,1
923.7,60,1929,0,0,2,1
652.3,48,1957.5,0,0,2,1
328.3,30,1939,0,0,1,0
1227.2,53,1957.5,0,0,2,1
541.2,58,1924,0,0,2,1
863,88,1951,1,0,1,1
1439.1,80,1972,0,0,2,1
700.3,72,1963,1,0,1,1
829.5,69,1964,0,0,1,1
855.6,55,1959,0,0,1,1
996.4,63,1963,0,0,1,1
500.3,37,1957.5,0,0,1,1
1007.5,155,1929,1,0,1,1
408.7,48,1962,0,0,2,1
1471.3,73,1969,0,0,3,1
626,54,1960,0,0,1,1
1783.3,107,1959,0,0,2,1
701.7,53,1973,0,0,1,1
268.6,86,1939,0,0,2,1
1201.2,70,1918,0,0,2,1
651.1,75,1957.5,0,0,1,1
591.3,72,1954,0,0,1,0
600.6,72,1970,0,0,2,1
1014.7,60,1984,0,0,2,1
347.7,39,1957.5,0,0,1,1
902.2,83,1924,0,0,1,1
1078.5,120,1918,0,0,1,1
1549.6,98,1929,0,0,2,1
564.5,36,1957.5,1,0,2,1
1129.4,85,1969,0,0,1,1
884.4,83,1972,0,0,1,1
1109,50,1994,0,0,2,1
644.7,43,1969,0,0,1,1
619.7,48,1966,0,0,2,1
1422.8,98,1959,1,0,2,1
1116.7,89,1979,0,1,1,1
1545.5,85,1980,0,0,2,1
592.1,59,1960,0,0,1,1
809.2,75,1929,0,0,1,1
381.2,62,1918,0,0,1,0
771,65,1994,0,0,2,1
371.2,37,1924,0,0,1,1
1189.7,97,1994,0,0,1,1
1281.3,59,1991,0,0,3,1
822.7,45,1965,0,0,1,1
727.2,42,1983,0,0,1,1
593.3,45,1941,0,0,1,1
776.5,82,1935,0,0,1,1
485.8,38,1995,0,0,1,1
573.7,29,1956,0,0,2,1
635.3,61,1957.5,0,0,2,1
691.1,105,1918,0,0,2,1
783.8,43,1918,0,0,1,0
1323.7,85,1918,0,0,1,1
1989.2,96,1918,0,1,2,1
979.7,85,1957.5,0,0,2,1
712.3,82,1957.5,0,0,1,1
743.3,54,1957.5,0,0,2,1
577.9,28,1957.5,0,0,2,1
837.4,71,1973,0,0,1,1
891.1,54,1968,0,0,1,1
655.4,32,1973,0,0,2,1
1687.3,77,1994.5,0,1,2,1
412.7,21,1972,0,0,2,1
645.8,90,1918,0,0,2,1
1020.6,48,1996,0,0,1,1
492.5,52,1957.5,0,0,1,1
1217.5,66,1929,0,0,2,1
698.6,32,1967,0,0,1,1
350.8,85,1929,0,0,1,0
664.4,50,1956,0,0,1,0
2194.7,140,1918,1,0,2,1
1172.3,65,1929,0,0,1,0
797.9,80,1929,0,0,1,1
552.3,94,1918,0,0,1,0
1179.7,89,1973,0,0,1,1
590.9,33,1970,0,0,1,1
612.5,65,1972,0,0,1,1
1021,68,1961,0,1,1,1
283.3,56,1918,0,0,1,0
1175.5,68,1972,0,0,1,1
1009.2,78,1939,0,0,1,1
2361.3,115,1955,0,0,3,1
887.9,78,1968,0,0,2,1
1383.1,63,1971,0,0,2,1
1117.5,67,1972,1,0,1,1
537.3,88,1934,0,0,2,1
346,50,1929,0,0,2,0
780.4,95,1918,0,0,2,1
1128.4,93,1964,1,0,1,1
1231.2,55,1981,0,0,1,1
769.5,50,1967,0,0,1,1
1532.2,157,1918,0,0,2,1
1428,80,1991,0,0,2,1
854.7,43,1991,0,0,2,1
648.7,80,1960,0,0,2,1
418.4,49,1948,0,0,1,1
431.5,50,1918,0,0,1,1
643.6,43,1952,0,0,1,1
233.2,43,1937,0,0,2,0
597.2,47,1952,0,0,1,1
1723.3,110,1918,0,0,2,1
450.3,80,1929,0,0,2,0
635.4,63,1957.5,0,0,2,1
851.3,48,1957.5,0,0,2,1
798.3,50,1918,0,0,2,0
847.6,39,1972,0,0,2,1
425.3,25,1961,0,0,1,1
1204.8,62,1956,0,0,1,0
1001.3,68,1957.5,0,0,2,1
899.6,81,1959,1,0,2,1
753.3,79,1991,0,0,1,1
1571.3,72,1976,0,0,2,1
499.6,61,1961,0,0,1,1
933.9,56,1964,0,0,1,1
339.8,60,1918,0,0,1,1
1266.5,56,1985,0,0,2,1
533.7,42,1940,0,0,1,1
1311.7,84,1970,0,0,2,1
539.6,26,1959,0,0,1,1
858.2,95,1918,0,0,1,1
804.3,76,1929,0,0,1,1
787.7,78,1957.5,0,0,1,1
536.8,40,1966,0,0,1,1
795.3,33,1973,0,0,1,1
1386.7,80,1981,1,0,3,1
1161.1,106,1969,1,0,1,1
488.2,48,1972,0,0,1,1
749.4,64,1960,0,0,1,1
1349.3,86,1965,0,0,1,1
1570.3,83,1957.5,0,0,2,1
430.7,68,1972,0,0,1,1
998.9,57,1988,0,0,1,1
471.1,55,1957.5,0,0,2,0
1601.9,95,1983,0,0,2,1
492.4,39,1961,0,0,1,0
907,85,1973,0,0,1,1
556.9,28,1950,0,0,1,1
351.6,56,1939,0,0,1,1
965.4,32,1991,1,0,2,1
863.6,64,1918,0,0,1,1
356.3,57,1918,0,0,2,1
463.7,40,1994.5,0,0,1,1
481.5,110,1918,0,0,1,0
1263.6,86,1972,0,0,1,1
495.8,60,1918,0,0,1,0
446.9,32,1968,0,0,1,1
231.3,60,1939,0,0,1,0
646.8,41,1961,0,0,1,1
706.7,49,1957.5,0,0,1,1
500.9,33,1961,0,0,1,1
382.5,59,1990,0,0,3,1
650.4,34,1965,0,0,1,1
623.4,35,1929,0,0,2,1
636.2,36,1972,0,0,1,1
214.4,26,1918,0,0,2,0
2289.6,137,1918,0,1,2,1
736,82,1939,0,0,1,1
361.4,30,1959,0,0,3,1
997.9,72,1991,0,0,2,1
278.5,51,1940,0,0,2,0
612.9,34,1977,0,0,2,1
350.1,29,1959,0,0,3,1
1096.3,145,1929,0,0,1,1
645.1,20,1972,0,0,2,1
760.5,56,1957.5,0,0,1,1
732.3,35,1939,0,0,1,1
664.6,63,1954,0,0,1,1
852.3,64,1959,0,0,2,1
926.9,73,1968,0,0,1,1
1813.3,100,1972,1,0,1,1
980.9,85,1957.5,0,0,2,1
1051.4,54,1939,0,0,2,1
841.5,39,1957.5,0,1,2,1
673.5,78,1961,0,0,1,1
475.5,37,1957,0,0,2,1
1060.8,69,1984,0,0,2,1
533.8,30,1960,0,0,1,1
586.4,57,1940,0,0,1,1
643.3,85,1969,0,0,3,1
564.4,20,1957.5,0,0,2,1
1074.6,68,1957.5,0,0,2,1
714,56,1962,0,0,1,1
927.6,86,1953,0,0,1,1
279.7,32,1955,0,0,1,1
1037.1,74,1960,0,0,3,1
517.1,65,1959,0,0,1,0
500.6,35,1950,0,0,1,1
568.2,83,1961,0,0,1,1
777.7,79,1958,0,0,1,1
941.3,98,1974,0,0,1,1
593.8,101,1929,0,0,2,1
1434.6,75,1918,0,0,2,1
1355.5,84,1981,1,1,1,1
514.5,51,1958,0,0,1,1
657.2,58,1939,0,0,2,0
721.2,35,1957,0,0,2,1
934.3,56,1972,0,0,1,1
861.2,61,1954,0,0,1,1
506.8,77,1968,0,0,1,1
1147.4,65,1993,1,1,1,1
567.8,33,1983,0,1,1,1
917.7,96,1929,0,0,1,1
1021.3,136,1929,0,0,1,0
1092.4,68,1981,0,0,2,1
885.3,56,1970,0,0,1,1
426.2,76,1939,0,0,1,1
1442.7,49,1994,1,1,2,1
592.3,41,1973,0,0,1,1
595.7,60,1963,0,0,1,1
190.2,63,1918,0,0,1,0
679.1,58,1967,0,0,1,1
829.1,44,1957.5,0,0,2,1
741.9,72,1993,1,0,2,1
975.7,70,1930,0,0,2,1
1230,55,1939,0,0,2,1
917.1,76,1963,0,0,2,1
891.2,63,1924,0,0,2,1
1005.4,72,1974,0,0,1,1
658.2,82,1939,0,0,1,1
903.7,44,1991,0,0,1,1
603.3,87,1918,0,0,2,0
655.2,102,1929,0,0,2,1
2216.1,124,1918,1,0,1,1
431,46,1948,0,0,1,1
627.9,35,1957.5,0,0,2,1
1008.3,60,1984,0,0,1,1
1134.5,81,1986,1,1,1,1
1183.1,85,1957.5,0,0,2,1
393.7,49,1963,0,0,1,0
644.2,35,1972,0,0,1,1
647.6,57,1929,0,0,1,1
823.4,50,1971,0,0,1,1
724.6,78,1939,0,0,2,1
637.4,45,1959,0,0,2,1
1196.2,77,1967,0,0,2,1
961.4,48,1988,0,0,1,1
1015.3,65,1957.5,0,0,2,1
686.3,52,1932,0,0,1,1
455.9,32,1972,0,0,1,1
575,28,1957.5,0,0,1,1
522.2,52,1957.5,0,0,2,1
875,65,1972,0,0,1,1
390.8,68,1952,0,0,3,1
366.5,54,1957.5,0,0,2,1
893.2,90,1918,0,0,2,1
1442.3,83,1964,0,0,1,1
713.1,63,1960,0,0,1,1
565.2,43,1918,0,0,2,1
808,40,1990,0,0,2,1
650.2,36,1979,0,0,1,1
1508,75,1929,0,0,2,1
658.5,67,1924,0,0,2,0
934.2,77,1956,0,0,2,1
962.7,32,1957.5,0,0,1,1
416.8,21,1959,0,0,2,1
749.8,62,1973,0,0,1,1
1331.5,100,1963,0,1,1,1
500.5,33,1972,0,0,1,1
971.1,60,1973,0,0,2,1
513.8,62,1939,0,0,2,1
1249.5,63,1936,0,0,2,1
1300,97,1974,1,0,1,1
1243.7,67,1939,0,0,1,0
842.2,47,1984,0,1,1,1
592.1,60,1957.5,0,0,2,1
630.3,31,1918,0,1,1,1
874,64,1973,0,0,2,1
869.4,86,1950,0,0,1,0
764.1,99,1918,0,0,2,1
835.4,63,1968,0,0,2,1
873.1,120,1924,0,0,2,1
1546.8,95,1939,0,0,1,1
760.3,67,1959,0,0,1,1
1457.2,110,1957.5,0,0,1,1
866.3,41,1972,0,0,1,1
411,44,1918,0,0,1,0
730.9,80,1954,0,0,1,1
1017.9,112,1918,0,0,2,1
770.8,75,1967,0,0,1,1
2220.6,120,1971,0,0,3,1
520.7,85,1988,1,0,1,1
1122.7,160,1918,0,0,2,0
921.5,53,1973,0,1,1,1
1148.6,86,1985,1,0,1,1
849.6,93,1918,0,0,2,0
1024.5,67,1971,0,0,2,1
1389.6,83,1918,0,0,2,0
1624.8,110,1918,1,0,2,1
1086.8,41,1972,0,0,2,1
703.6,62,1953,0,0,2,0
